patient_key,heatmap_mse,heatmap_mae,heatmap_soft_dice,heatmap_corr,target_mask_pixels,pred_mask_fixed_pixels,dice_fixed_thresh,iou_fixed_thresh,dice_topk_same_area,iou_topk_same_area
N_1,0.08958648145198822,0.2681025564670563,0.08998539298772812,0.3619794445596002,3509,8341,0.35864978903007705,0.2185089974301095,0.25498575498681625,0.14612244898098592
N_10,0.07498160749673843,0.25497111678123474,0.0939815491437912,0.42508715611319375,3288,4681,0.45200150583579873,0.29199092088311934,0.38656739097494824,0.23959314371964663
N_11,0.0849740281701088,0.2638521194458008,0.09448962658643723,0.37108697927417317,3301,6956,0.37418348445025423,0.23015111537631305,0.26351658337231026,0.15175300889734564
N_12,0.09726674109697342,0.27886050939559937,0.08200879395008087,0.27687037588425345,3156,8735,0.28256664704458617,0.16452844971191405,0.18046541079756137,0.09918218200957164
N_13,0.09782480448484421,0.2789795696735382,0.0893479585647583,0.30284504741315016,3295,8822,0.31806552777146313,0.18910696761610488,0.18297678652832197,0.10070140280711307
N_14,0.0934290662407875,0.27831175923347473,0.08267468214035034,0.3101729220981248,3077,7334,0.32158294112062086,0.19159894700790703,0.21254468638412,0.11890909091069289
N_15,0.09643898159265518,0.2799075245857239,0.09374100714921951,0.3093245392748761,3668,8305,0.3274033241465569,0.19574553081075025,0.22546346783093582,0.12705484713607765
N_16,0.07038825005292892,0.24850302934646606,0.09326363354921341,0.4516235103015431,3201,4333,0.47225909211644246,0.3091225021732248,0.4437851342919366,0.2851695765617396
N_17,0.09278634935617447,0.2773534655570984,0.08911288529634476,0.33410333770273526,3394,7453,0.34645524108108555,0.2095227475477146,0.24911660777495712,0.14228052472394503
N_18,0.0993303507566452,0.2853621542453766,0.09804455935955048,0.31468528124047657,3681,8566,0.3319996733899469,0.1990405326030947,0.24793164248033644,0.14150797337181995
N_19,0.09064698964357376,0.27786150574684143,0.08718737959861755,0.37055392029616274,3363,6804,0.3967738762669452,0.24748466257761043,0.3108007725459652,0.18399296394162884
N_2,0.09045786410570145,0.2756558060646057,0.09311193227767944,0.3509217724729896,3495,6990,0.3748211731050311,0.23063380281780438,0.2845702845713076,0.1658886295445717
N_20,0.08887273073196411,0.27407780289649963,0.08911485224962234,0.3548721941409939,3319,6796,0.3679683638167395,0.22546644051462866,0.28584337349505146,0.16675452468956817
N_21,0.08280902355909348,0.26776495575904846,0.08680526167154312,0.3852559306964704,3042,5487,0.41153710868869553,0.2590788308248316,0.32884362680793555,0.196776095932383
N_22,0.09358841180801392,0.2735021114349365,0.09729300439357758,0.3325222154701392,3489,8363,0.3407019912256659,0.20532899420400147,0.2492122600984686,0.142342931938576
N_23,0.07981596887111664,0.260374516248703,0.08982845395803452,0.3941268134985508,3151,5644,0.40568504832358643,0.2544572814159828,0.338197969544197,0.2035127911431777
N_24,0.09856703877449036,0.28255224227905273,0.09243705123662949,0.3018083269607971,3600,8640,0.3205882352946727,0.19089316987819524,0.2275000000010729,0.12834978843578068
N_25,0.09877647459506989,0.28178656101226807,0.08512097597122192,0.27816174484903566,3297,9045,0.27191703127590994,0.15735183796028004,0.1828658074311101,0.1006341789067079
N_26,0.09335213899612427,0.27711567282676697,0.09232571721076965,0.3332766084581888,3682,8108,0.3343511450387325,0.20073327222812837,0.24640434192775248,0.1405137728270806
N_27,0.08144517987966537,0.25903216004371643,0.09269772469997406,0.36314361153869007,3275,6906,0.3484922895596223,0.21101463066586054,0.2732824427492011,0.15826702033747433
N_28,0.08903136104345322,0.27126625180244446,0.08492428809404373,0.30640729992607196,3257,7016,0.31850481845681056,0.18941762186038041,0.2015955814679325,0.1120969117913119
N_29,0.09612823277711868,0.27592211961746216,0.08788761496543884,0.3205502329831292,3343,9046,0.30753087416312247,0.18170545593363055,0.2314939434735584,0.13089802131045003
N_3,0.10566529631614685,0.28942257165908813,0.09396719187498093,0.29866300386450545,3638,10179,0.3083158428028455,0.18225378625893532,0.1947534679313353,0.1078819233123739
N_30,0.08024463802576065,0.25684571266174316,0.08683957904577255,0.3776381130599171,2912,6742,0.3604723430708924,0.2198635329805157,0.26934294047131696,0.15563045202387862
N_31,0.07860475778579712,0.2584114968776703,0.08890556544065475,0.4118383396201478,3299,5265,0.42363381597451694,0.2687407407418241,0.37115588547285083,0.22786458333476958
N_32,0.07925133407115936,0.25717693567276,0.09515590965747833,0.41468983277135274,3201,6484,0.4024780588545147,0.2519389865573268,0.32136164897045383,0.19144186046662057
N_33,0.07935194671154022,0.2578376233577728,0.0915813222527504,0.3841837467445569,3187,6007,0.39112464650925477,0.24310438074737276,0.31917228405812953,0.18988994590712574
N_34,0.11384958028793335,0.2958250045776367,0.08163727819919586,0.24205531835988453,3324,11915,0.23151125401979689,0.13090909090973585,0.19004660953361893,0.10500083070426151
N_35,0.08117712289094925,0.26175951957702637,0.09789051860570908,0.3977094036155153,3378,5980,0.40585595212715764,0.2545917683345561,0.33180405505500693,0.1988999290291006
N_36,0.07864721119403839,0.25307703018188477,0.09703808277845383,0.3756861106217699,3290,6713,0.3876836948921446,0.24045138888983078,0.2892737769685669,0.16909413854499272
N_37,0.08211208134889603,0.26233452558517456,0.09562132507562637,0.40561368629850203,3239,6216,0.4008461131682698,0.25066137566236685,0.3197656490913972,0.19031014865261459
N_38,0.10655219852924347,0.2908768951892853,0.0921400710940361,0.30412913320428553,3529,10545,0.3004121074326414,0.17675585284349768,0.20223764339441688,0.11249409169826297
N_39,0.08910324424505234,0.2656439244747162,0.07379595190286636,0.3159765915300171,2836,8122,0.2787004927913134,0.16191284063284705,0.19288982752693964,0.10673938449725996
N_4,0.08380287885665894,0.2657320499420166,0.088112473487854,0.3635116058739039,3126,6270,0.38165176670989603,0.23582796264732891,0.2708666453481438,0.15664878860892056
N_40,0.08129573613405228,0.2599083185195923,0.09184566885232925,0.3882899759254024,3134,6617,0.36262947390076644,0.2214706250792666,0.27377153797180315,0.158595194086583
N_41,0.09969183057546616,0.2848513424396515,0.0787147507071495,0.3644951031557597,2736,11200,0.333237657865002,0.1999311176173584,0.20299379335669404,0.11296221048534547
N_42,0.09545961767435074,0.2773541212081909,0.08264411985874176,0.30793035599397256,3136,8597,0.2988153072536445,0.1756513026060364,0.22848948374883923,0.1289800323814913
N_43,0.08449099957942963,0.2627007067203522,0.09448422491550446,0.3631608011443895,3265,7065,0.38083252662209016,0.23520267846558027,0.26860643185410626,0.15513886432132473
N_44,0.08023988455533981,0.25829702615737915,0.09222613275051117,0.3908830720324292,3284,6191,0.3976781002644879,0.24818864444836228,0.3179190751455462,0.18900343642758363
N_45,0.08176436275243759,0.25760042667388916,0.10024867951869965,0.3787983393114152,3297,6883,0.3754420432226174,0.23110412383694384,0.29666666666773234,0.1741682974574379
N_46,0.07303427159786224,0.2497289627790451,0.09938327223062515,0.43958397330815546,3395,5026,0.4545778411121546,0.29414476717489757,0.3913427561846417,0.2432729269645922
N_47,0.07755588740110397,0.2523627281188965,0.08766943961381912,0.38303521241862554,3091,6166,0.3759317273421454,0.23147532260312428,0.2998544395935632,0.17636986301526567
N_48,0.07619160413742065,0.253706157207489,0.10263773053884506,0.48318632013146706,3352,7262,0.4710759374416138,0.3081094404741088,0.4082240762821689,0.2564582553364724
N_49,0.11557129770517349,0.30145907402038574,0.08382780104875565,0.2449844110523043,3418,11300,0.2498980839793111,0.1427905893321354,0.13897015798838652,0.07467379343016087
N_5,0.07417692989110947,0.250013142824173,0.08986019343137741,0.39607064934331976,2949,5433,0.4094488188983423,0.2574257425753714,0.3272295693466815,0.195621325766885
N_50,0.09656213223934174,0.27691033482551575,0.09526557475328445,0.32075070050960036,3512,8914,0.32802188958689193,0.1961879091266883,0.20444191344076815,0.11385981604961329
N_51,0.09920468926429749,0.2823883891105652,0.08670580387115479,0.2900057226782997,3476,8952,0.29320888316761085,0.17178955308394134,0.19617431324723691,0.10875458459717947
N_52,0.08421537280082703,0.2657797634601593,0.08555775135755539,0.43585570572911586,2658,8342,0.4274545454550659,0.27182333217797217,0.28866366366499874,0.16867734152408714
N_53,0.07770481705665588,0.2542654573917389,0.09453865140676498,0.3994802146685859,3219,5943,0.4079895219390875,0.25627313862709955,0.30687995030391846,0.18125114658011146
N_54,0.10407190024852753,0.28701135516166687,0.07806042581796646,0.2696737065148632,2924,9902,0.30126305941111703,0.17734532770407804,0.012991452993140185,0.006538196835845599
N_55,0.08568292111158371,0.2655143737792969,0.09363193064928055,0.36201126636082903,3296,6715,0.38158026171273435,0.23577336131436147,0.26478616924588294,0.15259570005391962
N_56,0.09063061326742172,0.2733243703842163,0.09258906543254852,0.3394453974495367,3438,7177,0.3609985869059246,0.2202552017482236,0.246001744694321,0.14025198939134573
N_57,0.0778231993317604,0.256125807762146,0.09117583930492401,0.4033157555954666,3257,5916,0.40968058432420174,0.2576089936944645,0.32959950897755164,0.19731765570604937
N_58,0.09735970199108124,0.2778681218624115,0.09536910802125931,0.31708584139149254,3572,9263,0.32193221659577564,0.1918469681500679,0.2121169721572518,0.11864141493329372
N_59,0.1001976802945137,0.28675615787506104,0.07819370180368423,0.34873691813420615,2961,10657,0.3044499926572885,0.17955825032552655,0.2043500252921862,0.11380281690307267
N_6,0.08946438133716583,0.269628643989563,0.08969913423061371,0.3331362256209747,3135,7480,0.33895430993938863,0.20406079854899717,0.2327435039068504,0.13169763666041548
N_60,0.08754236996173859,0.26732978224754333,0.09550080448389053,0.3564534217714661,3544,7331,0.3714942528741411,0.2281197063814476,0.26738118742170724,0.1543219925131787
N_61,0.08564891666173935,0.2710500657558441,0.0825718343257904,0.4093191360056934,2965,6219,0.44904181184728975,0.2895254142104893,0.2242076871220091,0.12625783178445746
N_62,0.08963274210691452,0.27049168944358826,0.10080347955226898,0.3510756426357319,3762,7552,0.3675092805379463,0.2251218191670545,0.25717321997973275,0.14756097561105555
N_63,0.10758935660123825,0.29225653409957886,0.08653575927019119,0.2809322754505189,3397,10564,0.28379055941602765,0.16535893155328432,0.18189845474734082,0.10004856726711989
N_64,0.10052813589572906,0.28585827350616455,0.09489087760448456,0.3318748993174035,3542,9074,0.33370323398911406,0.20026638759471002,0.243125088140963,0.1383849735123802
N_65,0.09075300395488739,0.27631616592407227,0.08360279351472855,0.3424672093689394,3084,7262,0.35163348153938556,0.2133223877105508,0.23205315184049252,0.13125572869086846
N_66,0.07886280864477158,0.25409749150276184,0.09597844630479813,0.3914003477918536,3401,6558,0.3916055828904592,0.24347608940037022,0.32133940373135356,0.1914260717424472
N_67,0.09305567294359207,0.2752223312854767,0.09843850880861282,0.3533960125680113,3615,8226,0.35351743940600155,0.21471070989001362,0.2606052231597891,0.1498252303794887
N_68,0.10004732012748718,0.2863144874572754,0.09789857268333435,0.34746223129751475,3704,9905,0.33169226247385425,0.19881959126215745,0.1851551956826111,0.10202260559324507
N_69,0.10258427262306213,0.2891083061695099,0.06580957770347595,0.18261516615706216,3486,9377,0.17507579880340893,0.09593592911383152,0.1743619156880207,0.09550738297345977
N_7,0.1000068411231041,0.2847141921520233,0.09265458583831787,0.31791712240606246,3512,9946,0.3220389359493817,0.1919227703487805,0.2136253733477263,0.11958598726254843
N_70,0.08953800797462463,0.2743855118751526,0.08083424717187881,0.3637622387633194,3504,7517,0.3417112784689758,0.2060625957548631,0.2649365464148511,0.15269559500468
N_71,0.08283130079507828,0.2603248953819275,0.07287081331014633,0.29768809651941774,2782,6683,0.30216587427437697,0.17797137523437712,0.1877917414736305,0.10362591638774792
N_8,0.07238868623971939,0.2541179060935974,0.07224126160144806,0.3659968790192798,2598,3561,0.3136872868983379,0.18601964182710184,0.29638183217995306,0.17397198373435616
N_9,0.07800038158893585,0.25624212622642517,0.0863402858376503,0.3421190413461939,3114,5779,0.33914314629558173,0.20419769803763818,0.22543352601280436,0.12703583062047225
S_100,0.07982245087623596,0.2630292773246765,0.10111269354820251,0.34982905431207584,4280,5663,0.36689128029833357,0.2246582091400115,0.3556749182632465,0.21630450220250488
S_101,0.07455858588218689,0.25543421506881714,0.1078641340136528,0.418868455514142,4232,4450,0.40658834370029184,0.2551684256191193,0.40642722117272395,0.25504151838781874
S_102,0.08248819410800934,0.26076287031173706,0.09472806751728058,0.28954890483434337,3890,5415,0.28156904889921375,0.1638524077558926,0.22519280205755116,0.12688296639755667
S_103,0.06640651822090149,0.2419213056564331,0.09978808462619781,0.5017495148819547,3452,4659,0.4892121809894104,0.3238126326108637,0.47270094134761376,0.3095012326961701
S_104,0.06986910104751587,0.2505025267601013,0.07721725106239319,0.4141269341462548,2745,3426,0.412250850754477,0.25964482547609785,0.3945355191267859,0.2457454050391519
S_105,0.0645715594291687,0.2421245574951172,0.08981045335531235,0.4474117218092103,3414,2801,0.4328238133556994,0.276180698153437,0.4598037780063555,0.2985358433175536
S_106,0.0705585703253746,0.2496737539768219,0.08639159798622131,0.4091143377970843,3233,3583,0.3949530516440802,0.24606946983684447,0.39406124342809457,0.24537750385353355
S_108,0.07014942914247513,0.25270915031433105,0.10169192403554916,0.4780801658725389,3912,3023,0.41961067051273304,0.2655109489064498,0.45552147239333396,0.29493545183830694
S_109,0.06746868044137955,0.24417325854301453,0.10582692921161652,0.5029625322718224,3710,4013,0.5153437783251128,0.3471132042572002,0.506469002696083,0.3391084641773342
S_110,0.06451680511236191,0.24088358879089355,0.08383752405643463,0.44784373281980716,3658,3041,0.34512613823056404,0.2085513259981805,0.3772553307826992,0.23247978436786979
S_111,0.0709010511636734,0.258675754070282,0.07849746197462082,0.5405857133071418,2780,2228,0.539536741214977,0.3694284933022438,0.549280575540379,0.37862633275631385
S_113,0.08005248010158539,0.26676851511001587,0.09750527143478394,0.4000033760982224,3722,4508,0.40170109356087275,0.2513303937977021,0.3672756582491036,0.22494651966558343
S_114,0.07481101900339127,0.2570623457431793,0.10661622881889343,0.4858372909020375,3690,4466,0.48994605198689317,0.32445599220635846,0.4620596205969349,0.30044052863559395
S_115,0.06897291541099548,0.24623766541481018,0.08377312868833542,0.38733813452037114,3172,3537,0.3636905649137521,0.222262707234064,0.3581336696100912,0.2181259600629452
S_118,0.07544032484292984,0.2576524615287781,0.10184388607740402,0.48351109781321566,3662,5125,0.49368385114431124,0.32774252039992785,0.4682593856662549,0.30570409982298447
S_119,0.06870277225971222,0.2453117072582245,0.10695066303014755,0.5071440540908777,3610,4709,0.5491044596711754,0.3784589892305245,0.5149584487541344,0.34676366349683496
S_120,0.07311125844717026,0.2553304433822632,0.09157978743314743,0.4452085464896985,3370,3946,0.45708037178860433,0.2962437987255559,0.43346684468263835,0.27670454545591533
S_121,0.06691033393144608,0.2453010380268097,0.111097052693367,0.5564266981222841,3688,3564,0.5568119139553822,0.385820752915372,0.5639913232110033,0.3927492447141375
S_122,0.06815843284130096,0.2486165314912796,0.09953203797340393,0.5019106505669956,3479,3259,0.47818343722250195,0.3142188414290731,0.4897255352787904,0.3242626070421993
S_123,0.06656701117753983,0.24757392704486847,0.07808291167020798,0.46770104740753815,2640,2152,0.46285475793100406,0.3011132229179986,0.4916666666676294,0.325966850830422
S_124,0.06954310089349747,0.24858789145946503,0.09974569827318192,0.4870281372862619,3614,3830,0.4747447608819522,0.3112559450426083,0.46292197011695774,0.30117011701295915
S_125,0.06373399496078491,0.24308162927627563,0.055808812379837036,0.17396574211729116,2968,1046,0.22720478326052018,0.12816188870396808,0.2940879231947211,0.17239336493054425
S_126,0.06657356023788452,0.24925895035266876,0.07788417488336563,0.4910980115742225,2834,1921,0.458464773923326,0.2974079126895023,0.48129851799668083,0.316914498142851
S_127,0.08114766329526901,0.26564955711364746,0.12416849285364151,0.47875330428207413,4379,6597,0.4779518950442074,0.3140189153605722,0.385476136104835,0.23875530410291546
S_128,0.06694863736629486,0.24521587789058685,0.07835179567337036,0.4410530990207167,3248,3137,0.4419733750987596,0.2836751105764301,0.4451970443358294,0.2863366336647795
S_129,0.06372692435979843,0.24029147624969482,0.08955584466457367,0.4934266009534855,3131,2459,0.47477638640523295,0.311283133944848,0.5004790801668788,0.3337593184252742
S_130,0.06825282424688339,0.2463494837284088,0.08467116951942444,0.3468168343635536,3512,2411,0.23569137261651915,0.13358851674806968,0.31235763098047786,0.18508520330827552
S_131,0.06436838209629059,0.2414911836385727,0.09540200233459473,0.5252424855797647,3132,3408,0.5006116207958706,0.3338772180311363,0.49417398244294625,0.328174687302675
S_132,0.07107757031917572,0.2523677945137024,0.10573619604110718,0.5428515950644218,3591,4704,0.5244122965647686,0.3553921568637984,0.4924832962145149,0.3266851338885934
S_133,0.07013814896345139,0.24287039041519165,0.08640904724597931,0.3887497058093466,2900,4945,0.3602294455075077,0.21968283582210868,0.3334482758632182,0.2000827643302295
S_134,0.07854603976011276,0.25727880001068115,0.08373644202947617,0.364940762719037,3409,5294,0.3539009536948708,0.21499371771713668,0.2865943091826245,0.1672658791317116
S_135,0.05641822889447212,0.22800017893314362,0.10487634688615799,0.6037176808245803,3378,2593,0.5734382850450955,0.4019722939671238,0.6195973949087927,0.4488526699561466
S_136,0.05595259368419647,0.22635914385318756,0.06571731716394424,0.47737381799758055,2371,2288,0.42240824211328093,0.26775510204280883,0.4264023618738372,0.27097292951146884
S_137,0.07875044643878937,0.26358991861343384,0.07835440337657928,0.3439596243228044,3906,3944,0.2713375796187626,0.15696389093713048,0.26984126984220447,0.1559633027535425
S_138,0.061321452260017395,0.2350386083126068,0.10033252835273743,0.5326218114792344,3382,3377,0.5275928391780921,0.35831993569260784,0.5277942046133534,0.35850572404226044
S_139,0.061403244733810425,0.23986682295799255,0.07684657722711563,0.5523574008421297,3152,2360,0.5493468795363764,0.3786893446738902,0.5529822335032472,0.3821530366161321
S_140,0.06263761222362518,0.2388245314359665,0.07500946521759033,0.47644280192243177,3081,2900,0.4337067380046251,0.27690008539864025,0.4472573839671417,0.28804347826235777
S_141,0.07068076729774475,0.25132831931114197,0.07244525849819183,0.3497114658207179,2858,2635,0.22392135445253245,0.12607626076439918,0.24072778166682868,0.1368337311075242
S_142,0.08168401569128036,0.2650335431098938,0.09569305926561356,0.3788544205963815,4244,6440,0.33994758517470985,0.20478123590527197,0.3482563619234822,0.21084165478001304
S_143,0.05614197999238968,0.22779510915279388,0.0670141726732254,0.4786012466582175,2713,1840,0.35756643971149227,0.21770526879053836,0.42941393291664315,0.27340999765483825
S_144,0.06113455072045326,0.23248779773712158,0.08418102562427521,0.508434949338075,3242,3853,0.46370683580061495,0.3018348623866021,0.43954349167267187,0.28167622059837577
S_145,0.05892025679349899,0.23217284679412842,0.08709049224853516,0.5175225622903089,3223,2307,0.4249547920444395,0.2698048220453047,0.5183806421598908,0.34987437186065773
S_146,0.06049119681119919,0.23761513829231262,0.08033107221126556,0.49908249207362904,2989,1377,0.3760879523605678,0.2315937940783312,0.4978253596528976,0.3314031180415781
S_147,0.056233301758766174,0.22864149510860443,0.088201604783535,0.575654695387946,2870,1821,0.5222767000649706,0.35343335256966696,0.5943215467695623,0.42280049566437966
S_148,0.07182545214891434,0.25079530477523804,0.08600132912397385,0.3754201014692413,3336,3233,0.2846704216786654,0.16595669151727732,0.2865277985924074,0.16722057023059783
S_149,0.06572763621807098,0.2452908307313919,0.08076958358287811,0.5146001086690741,2876,3019,0.5367260390169012,0.3667980524011899,0.5302503477059627,0.360775964042203
S_150,0.0694904774427414,0.24302129447460175,0.10327628254890442,0.37300204957529803,4605,4675,0.3334051724145114,0.2000517263685503,0.3285559174817279,0.19657009224477515
S_151,0.0657392367720604,0.24126459658145905,0.09593277424573898,0.4545809932008532,3270,2912,0.3862827563905107,0.23937449879863795,0.41620795107122904,0.2627920447977162
S_152,0.06360675394535065,0.2427099198102951,0.07426214218139648,0.44214394677473157,2701,2247,0.4745351657245866,0.3110757816658424,0.4894483524629962,0.32401960784479406
S_153,0.06373041868209839,0.24240441620349884,0.0605490617454052,0.46470688109877145,2326,2533,0.44412430541378034,0.2854497354516258,0.42940038684842163,0.27339901478031364
S_154,0.06266838312149048,0.24128897488117218,0.0663464292883873,0.47432957139119264,2440,1881,0.48090719740920873,0.31657525899050404,0.5081967213124832,0.340659340661152
S_155,0.06035270541906357,0.23816384375095367,0.06104768440127373,0.4141629727686012,2373,1139,0.37300683371476934,0.22926146307585138,0.5379106992427592,0.3679055027387845
S_156,0.07234739512205124,0.2590046525001526,0.07375787198543549,0.4779167070730374,2758,2721,0.5256433655785259,0.35652389205408136,0.5250181290799039,0.3559488692247887
S_157,0.0609293170273304,0.23827873170375824,0.0874679759144783,0.5759271434871074,2894,2261,0.5330746847729717,0.3633959270051219,0.5704906703531955,0.3990814599966181
S_158,0.061994243413209915,0.23752960562705994,0.09316156059503555,0.3951260250595921,3969,1293,0.27784112504888286,0.16133303906607518,0.41365411260937945,0.2607590916321093
S_160,0.07174403220415115,0.24638719856739044,0.11756113916635513,0.46709628887740556,3999,5624,0.476982230074325,0.3131823144114176,0.4316079019762045,0.27519132653176787
S_161,0.07218334823846817,0.24925701320171356,0.09524191915988922,0.4484846602838597,3336,5163,0.4362866219561874,0.27900677201011437,0.3812949640297043,0.2355555555569712
S_162,0.08106072247028351,0.2613277733325958,0.0819334164261818,0.3961532449915064,3447,6787,0.38792261090542507,0.2406352285134675,0.28426395939190097,0.1656804733741916
S_163,0.06799445301294327,0.24653422832489014,0.08448892831802368,0.4946542348587097,3195,3799,0.458392908207809,0.2973474309046608,0.44061962134338817,0.28256070640320574
S_164,0.08435601741075516,0.26318246126174927,0.11056821793317795,0.42360582051362,4127,8044,0.4369402678502695,0.27954163162397017,0.3143237680114852,0.18646746157278196
S_165,0.06956830620765686,0.2551552653312683,0.07989092171192169,0.4757689294104614,3016,1977,0.5003004205898252,0.33360042735220724,0.5589259075094333,0.3878536922029265
S_166,0.07242509722709656,0.2488962858915329,0.11743942648172379,0.4643421840122094,3910,4954,0.4932310469319796,0.32734351602376854,0.4930315816398248,0.32716782623565727
S_167,0.0608077310025692,0.23785845935344696,0.08078230917453766,0.5420989824944313,2718,2235,0.5196850393710485,0.3510638297890042,0.5496688741730138,0.37899543379152967
S_168,0.06488826870918274,0.24431192874908447,0.06803227216005325,0.4337889784993144,2479,2252,0.4328894525482289,0.2762341516070239,0.43001210165504233,0.27389516958048843
S_169,0.08228424936532974,0.2606668174266815,0.11640802025794983,0.37386840205842675,4504,7055,0.4176831905879248,0.2639693821768573,0.3508655126505205,0.2127573677846686
S_170,0.06765439361333847,0.24445460736751556,0.09274464100599289,0.4872899838920573,3177,4224,0.5285772192953269,0.35922865013891786,0.5003144654095907,0.3336129167554338
S_171,0.09556227922439575,0.2837067246437073,0.1122703030705452,0.41420750750037166,4484,8596,0.44159021406770516,0.28335949764591506,0.34689555233603064,0.20984490896937308
S_172,0.07080051302909851,0.2467847764492035,0.09127550572156906,0.4235600232466139,3156,4440,0.42838335966373303,0.2725749706830749,0.31902423570518135,0.18978514888957826
S_173,0.0770278349518776,0.2566226124763489,0.06972721219062805,0.2361911440046724,3361,4265,0.17466561762500044,0.0956896551737131,0.18536149955491615,0.10214789309870119
S_174,0.07318708300590515,0.24702119827270508,0.11543566733598709,0.3872344824684567,4221,5922,0.3908113970231777,0.24286239431535,0.4041217576697807,0.2532284399595469
S_175,0.06465522944927216,0.2444201409816742,0.09743843227624893,0.6020912014837848,2928,3154,0.6422229529765829,0.47299588278161053,0.6352459016399671,0.4654654654668031
S_176,0.0773288756608963,0.2591651976108551,0.1039084866642952,0.42298272062013836,3892,5291,0.4649896547974899,0.30292281498396295,0.4314883780667375,0.2750941542504092
S_178,0.06695763021707535,0.2453320324420929,0.07568289339542389,0.4182050091251381,2757,2898,0.4060123784272219,0.25471488795372815,0.3986216902441084,0.24892412231200695
S_179,0.0700235664844513,0.2531050145626068,0.08069410175085068,0.47578294034788465,2701,3264,0.5099748533118023,0.3422592259240723,0.523880044428871,0.3549034361691625
S_180,0.0824548602104187,0.26148948073387146,0.1010170578956604,0.419697370491239,3773,7183,0.4194961664846481,0.26541926542011385,0.2630463576168701,0.15144120787074664
S_181,0.06455449014902115,0.24553751945495605,0.09983319044113159,0.6233016495730792,3486,2953,0.6261841900922097,0.45579923129220934,0.6574870912225222,0.48974358974468
S_182,0.07387706637382507,0.2538207769393921,0.08820714801549911,0.4664022478696207,3457,5624,0.4697720515367583,0.30699481865384715,0.4465654374556087,0.2874697449277835
S_183,0.06370804458856583,0.2408478558063507,0.056219492107629776,0.38423891451564074,2440,2359,0.27714107105797636,0.16086115142921903,0.2774590163949232,0.16107542231938834
S_184,0.07028330862522125,0.25297611951828003,0.07083114981651306,0.43604023403264824,2494,2635,0.4683174108023624,0.3057535641565536,0.46311146752312926,0.30133055048447344
S_185,0.06209111958742142,0.2406969517469406,0.0788901075720787,0.534050080872527,2597,1929,0.5302695536908302,0.3607937462436536,0.57566422795615,0.404163287376577
S_186,0.06435485184192657,0.24573440849781036,0.07847320288419724,0.52319973661112,2780,1803,0.559458869736942,0.3883671614680752,0.5780575539575934,0.4065266885924449
S_187,0.06022743880748749,0.23442327976226807,0.0769595056772232,0.4824484311990814,3051,2728,0.4634019726605582,0.30157657657814957,0.4759095378572994,0.312258064517608
S_188,0.06305393576622009,0.2419075071811676,0.07224124670028687,0.5369612181091973,2427,2162,0.548267596427221,0.3776643650574072,0.559950556243181,0.38884120171848685
S_189,0.06669443100690842,0.2450891137123108,0.09345879405736923,0.45843681887477244,3545,3432,0.4715493765236182,0.30851462865846113,0.4749682696383092,0.3114481228050463
S_190,0.06624454259872437,0.2491099089384079,0.08382780849933624,0.5304574189787595,2957,2215,0.5560711523597137,0.38510980182275006,0.5995941832945559,0.4281574498927115
S_191,0.0678856298327446,0.24715501070022583,0.10359489172697067,0.5410176071796551,3527,3842,0.5672411453391678,0.3959083159700778,0.5582648142903909,0.3872173058025817
S_192,0.08490296453237534,0.2682807743549347,0.09238536655902863,0.3680753051677902,3378,6373,0.39544662086001897,0.24645276748146944,0.33145901154286556,0.19865200425824997
S_193,0.06585044413805008,0.24245886504650116,0.08589065819978714,0.48834230347332974,2936,3811,0.49562768637987903,0.32945812808013897,0.49829700272565003,0.3318212746669725
S_194,0.07602357119321823,0.2546667456626892,0.08274627476930618,0.3933533105349063,2804,5133,0.38352022174702843,0.23725643024281018,0.3168775619331369,0.18826768318681011
S_195,0.06975921243429184,0.25175341963768005,0.08131546527147293,0.4963596716789944,2882,3182,0.5494722955152548,0.3788085493420218,0.5478834142964124,0.3772998805271749
S_196,0.0829816460609436,0.25906306505203247,0.08809753507375717,0.37708416499459424,3717,7857,0.3832728529467917,0.23706712270282482,0.24761392660404943,0.14130101258186362
S_197,0.06193142384290695,0.23972588777542114,0.06627510488033295,0.42599821733211113,2509,1734,0.4501531934964644,0.29045012165665923,0.4966121960950645,0.33032873807176477
S_198,0.06307149678468704,0.2420365810394287,0.08522539585828781,0.5732134098029067,2714,2550,0.6018237082074434,0.43043478261024337,0.6050110537958641,0.4337031167474017
S_199,0.07769554108381271,0.25325170159339905,0.11356554180383682,0.41776163263419924,4195,6353,0.42870686386098905,0.2728369735739437,0.3408820023845758,0.2054597701160841
S_200,0.06418538093566895,0.24440895020961761,0.0938422754406929,0.593140454820113,2946,2661,0.6217228464426222,0.4510869565231597,0.6334012219965489,0.46348733234112394
S_201,0.0638199970126152,0.23971010744571686,0.0871015340089798,0.45165082877551005,3263,2942,0.4918614020959035,0.32613806369026255,0.501992031873273,0.33510638298008366
S_202,0.07342428714036942,0.250057578086853,0.10102181881666183,0.44646748310804707,3472,5412,0.47388563710099735,0.3105177754841267,0.3568548387106036,0.2171779141118016
S_203,0.0646146908402443,0.24491384625434875,0.07229690253734589,0.5105018080698166,2322,2382,0.508503401361589,0.340935005703133,0.5004306632224366,0.3337162550277607
S_204,0.07814639061689377,0.2536509931087494,0.09091365337371826,0.3587594667951636,3299,6458,0.37388541559969873,0.22992562712816092,0.30422279400741,0.17940021421067584
S_205,0.06361932307481766,0.2428898960351944,0.07232566177845001,0.4678559786706294,2483,2121,0.5199826238064292,0.3513354857665062,0.5443929937597254,0.37399723375000277
S_206,0.07890193164348602,0.2582649290561676,0.09855009615421295,0.4126916895847155,3638,6139,0.43837577989215665,0.2807178412375154,0.3343865915656898,0.2007588254714603
S_21,0.06508322060108185,0.2435273826122284,0.0779857411980629,0.453385978104291,2723,2696,0.46539952020766673,0.3032708032724789,0.467131839883461,0.30474365117559954
S_22,0.09228289872407913,0.2789474129676819,0.09468469023704529,0.36437567466986576,3614,7862,0.3832345765080313,0.23703783550799065,0.26769911504526034,0.15453384419036634
S_23,0.07288458943367004,0.2517493963241577,0.059410352259874344,0.2652691600087528,2735,3447,0.2539631187330088,0.14545117658116463,0.21206581352977683,0.11860940695476767
S_24,0.06909534335136414,0.2421463429927826,0.08147136121988297,0.45041770044610047,2972,5802,0.40642808297309496,0.25504219711163634,0.4121803499336942,0.2595888959541013
S_25,0.07347488403320312,0.25530844926834106,0.07964561879634857,0.4050740994575576,2754,3620,0.48791967367510525,0.32268105416201975,0.44045025417676026,0.2824214202577825
S_26,0.06714566797018051,0.24331289529800415,0.057175636291503906,0.18684618719457083,2941,1812,0.1695771091959403,0.09264367816300542,0.1985719143162214,0.11023027557736839
S_27,0.06903375685214996,0.2513501048088074,0.0562296137213707,0.402676278240937,2133,2719,0.42704039571428887,0.27148846960358625,0.39559409421280617,0.24656733859407956
S_28,0.0813334733247757,0.2592550218105316,0.08124149590730667,0.4056258205152941,3048,6960,0.37909672262252286,0.23387991616417964,0.2690039318491661,0.15540412644490745
S_29,0.07822546362876892,0.25947433710098267,0.050712913274765015,0.2551601168435638,1854,3667,0.29414961057907235,0.17243576130989077,0.19137466307495588,0.10581222056898418
S_30,0.0687984824180603,0.24344433844089508,0.09498618543148041,0.4589928789647115,4100,4699,0.49596545061996133,0.3297566873215509,0.4978048780493929,0.3313849650928212
S_31,0.05801277235150337,0.23203745484352112,0.061006736010313034,0.44582473992561333,2417,1280,0.39816067081580153,0.24856467409912678,0.462556888706118,0.3008611410137221
S_32,0.06941651552915573,0.2486339807510376,0.08743111789226532,0.40731403885917294,3225,3357,0.46034639927155824,0.2989934872719578,0.45550387596983644,0.2949206986563041
S_33,0.0722125843167305,0.24934449791908264,0.09445630759000778,0.46914381597586124,3080,5343,0.4753650718277628,0.3117894408981283,0.398961207597145,0.249188969993412
S_34,0.0653548613190651,0.24484074115753174,0.06621582806110382,0.39315637255892794,2408,1901,0.38848920863451264,0.24107142857361444,0.3891196013301721,0.24155710234792072
S_35,0.07290291041135788,0.25009793043136597,0.10352056473493576,0.4182838557247481,3862,5095,0.46913028915990934,0.30644690781898126,0.4194717762824709,0.2653997378780056
S_36,0.06740164011716843,0.25083500146865845,0.07176607102155685,0.4795841719946752,2491,2064,0.5729967069164149,0.4015384615403029,0.5692492974717598,0.39786756453592065
S_37,0.08098608255386353,0.2653076648712158,0.09582801163196564,0.4192493353172813,3692,6288,0.44549098196448345,0.2865798633501527,0.4105063633909958,0.25826235093823124
S_38,0.07991549372673035,0.2566039264202118,0.0978291928768158,0.30939090561700994,4074,5514,0.3277012932839719,0.19595858800150184,0.2727049582728612,0.1578797783158194
S_39,0.07032682746648788,0.2456185221672058,0.05411934852600098,0.15623056490969087,3052,2840,0.14630006789011152,0.07892327412730467,0.1490825688087335,0.08054522924574165
S_40,0.06650222837924957,0.2493954449892044,0.09551844745874405,0.5955423230900078,3078,2632,0.5915936952721689,0.42004476498527715,0.6091617933729546,0.43798177995926657
S_41,0.058426566421985626,0.22800521552562714,0.0784354880452156,0.36300845268178955,3444,2270,0.3300665033263387,0.19765248375770772,0.3724778632611809,0.22886193364390142
S_42,0.07156108319759369,0.2528485655784607,0.06312312930822372,0.4428151465567068,1938,2979,0.501932072402884,0.3350529459697663,0.372968790303397,0.2292327203575484
S_43,0.07222204655408859,0.24607837200164795,0.09350375086069107,0.3979018143723746,3238,4847,0.4380952380959331,0.28048780487918834,0.3492896849917398,0.211599625819997
S_44,0.07860898971557617,0.2615690231323242,0.08020462095737457,0.4378076093703416,3107,5075,0.4629674896119983,0.3012086514006024,0.3915071577941266,0.24340000000151318
S_45,0.06840440630912781,0.24815282225608826,0.08150418847799301,0.45918042939161774,2632,2846,0.5217232566638887,0.3529266485567969,0.5034194528884813,0.3363797918270211
S_46,0.07772215455770493,0.25290608406066895,0.09097542613744736,0.4143469013809846,3242,6451,0.3980191891061611,0.24845440494687215,0.30020033903636895,0.17660924750829265
S_47,0.07150720059871674,0.2517537772655487,0.06866470724344254,0.40151585104500764,2964,3619,0.3855385082798336,0.23880316146172598,0.3461538461549491,0.20930232558300835
S_48,0.08991674333810806,0.2715776562690735,0.10074973851442337,0.41677606472611867,4048,8862,0.4091402013947257,0.2571818093297719,0.2641323130100418,0.15216154721394742
S_49,0.0647159293293953,0.24778953194618225,0.039945878088474274,0.20984887417529402,2170,641,0.2006403415183186,0.11150652432142545,0.26203085424991474,0.15076841547654804
S_50,0.06681225448846817,0.2452543079853058,0.05910493806004524,0.2122851425505252,2979,1553,0.17255075022247893,0.09442163728786665,0.24538435716810106,0.13985077482467984
S_51,0.06703716516494751,0.24777166545391083,0.05697713792324066,0.32942780343965683,2450,1481,0.2706690409583549,0.15651662253852158,0.32755455843498354,0.1958536585385467
S_52,0.08023114502429962,0.2535768449306488,0.09495575726032257,0.3525449183853473,3527,7328,0.32961768770213756,0.19733068608074414,0.3118797845203971,0.18474974806989458
S_53,0.06390548497438431,0.2370932400226593,0.09305489808320999,0.4085434819197987,3850,3547,0.42611869676973624,0.2707438584448192,0.4376055057792006,0.28008643617140944
S_54,0.07137846201658249,0.24941745400428772,0.054640550166368484,0.2312277488986187,2626,2857,0.26481853000316463,0.15261719571336427,0.2524752475261758,0.144475920681751
S_55,0.09256092458963394,0.2682282328605652,0.08446022123098373,0.3195885807080009,3384,8271,0.3157443157449028,0.18746816097892258,0.23003100546400407,0.12996329663141482
S_56,0.06937886774539948,0.24939772486686707,0.08333420753479004,0.5208916116205161,2844,3962,0.5612694681170125,0.390114379086213,0.5057996485070196,0.3385085862165643
S_57,0.09287923574447632,0.2781699299812317,0.09689999371767044,0.3990108263822588,4161,9460,0.40863372733322906,0.2567816940401764,0.27360076867730765,0.15848058995525463
S_58,0.07260352373123169,0.2540826201438904,0.0601545050740242,0.2677203184299781,2491,2915,0.31002589715258966,0.1834500875674618,0.3159373745497472,0.1876042908243442
S_59,0.07414332777261734,0.25045517086982727,0.10863538831472397,0.38024466473008695,4226,5412,0.4087985059147034,0.25691184141985274,0.36346426881286853,0.2220936957790311
S_60,0.06310223788022995,0.24333810806274414,0.0735238716006279,0.5463389593905933,2708,1805,0.5375581653012684,0.36757575757767397,0.5668389955694851,0.39551661942954003
S_61,0.09185492247343063,0.27068817615509033,0.10537499189376831,0.39047852269625455,3585,9892,0.39326259553358067,0.24475847418560562,0.25808249721396587,0.14816000000136295
S_62,0.06752640753984451,0.25072503089904785,0.08191601932048798,0.5006466117598258,2880,2300,0.5169884169893494,0.3486071335606649,0.5250000000008247,0.3559322033913467
S_63,0.0650266632437706,0.23731663823127747,0.07110876590013504,0.25624063221423043,3592,2430,0.1743606775171465,0.09550663998709204,0.252505567929771,0.1444957782393747
S_64,0.06461236625909805,0.245770663022995,0.07031136006116867,0.47717265370168377,2491,1713,0.4771646051392075,0.31333958138296364,0.5467683661189346,0.376243093924375
S_65,0.07107684016227722,0.24780529737472534,0.07995273917913437,0.3187237454040467,3740,4257,0.31686882581053283,0.1882615156029892,0.30397005747987704,0.1792244640618234
S_66,0.07171562314033508,0.2528480589389801,0.0759369507431984,0.3151912183177429,3817,3176,0.28685828685930664,0.16744574290623132,0.3080953628513124,0.1820997212772033
S_67,0.08853621780872345,0.269526869058609,0.09866158664226532,0.40148334394517515,3461,8689,0.39423868312807053,0.24551512045182414,0.2672251913920739,0.15421807269230708
S_68,0.06961390376091003,0.25436145067214966,0.08681918680667877,0.5713536984116973,2694,3196,0.6488964346355707,0.48027142498245723,0.6325167037868735,0.4625407166138367
S_69,0.0874428078532219,0.26606571674346924,0.09968643635511398,0.3964156764067415,3452,8851,0.37356742258036774,0.22968515742205925,0.28360370799640267,0.16523206751195743
S_70,0.0698847770690918,0.2529776692390442,0.06473546475172043,0.3726108823869576,2877,2730,0.361690743714354,0.22077073808138303,0.36976542137381446,0.22681730974370748
S_71,0.08679438382387161,0.2633536458015442,0.07577501237392426,0.305341446076505,3249,8165,0.29420010513466427,0.17247046738657165,0.1553846153859148,0.08423686405490537
S_72,0.06531085819005966,0.24491208791732788,0.05937553942203522,0.40021563028721063,2329,1780,0.37576052567686596,0.23134551993038255,0.44740231859285656,0.28816371681612785
S_73,0.09288477897644043,0.27572309970855713,0.11446717381477356,0.39445664836852107,4354,9444,0.40687056095129226,0.2553907742705346,0.27666896077164865,0.1605431309915328
S_74,0.06068183481693268,0.23578163981437683,0.07791589200496674,0.46734072090817613,2708,1983,0.4659987209561586,0.3037798777117738,0.4906774967703698,0.32509784735977226
S_75,0.08732469379901886,0.2723219096660614,0.08731827884912491,0.3645468838690894,3128,6754,0.3472981177905815,0.21013960323388423,0.23049872122885148,0.13026196928793088
S_76,0.06499120593070984,0.24547380208969116,0.08919595181941986,0.5812562434338185,2840,2981,0.6205119395299424,0.4498132004995023,0.6109154929584315,0.43979721166174957
S_77,0.07555147260427475,0.25327980518341064,0.09756116569042206,0.4092913215577943,3516,5334,0.4203389830515024,0.2660944206019083,0.375711035268237,0.23130800210255417
S_78,0.06668568402528763,0.24699410796165466,0.07650581002235413,0.5313304293331987,2338,2639,0.5758489049636812,0.40434537246217733,0.5374091492100526,0.3674364221006506
S_79,0.08329901099205017,0.26734745502471924,0.11117511987686157,0.4032081829055542,4008,6278,0.4415710674708909,0.2833437305061967,0.37365926665081856,0.2297546012281752
S_80,0.06775033473968506,0.2466578185558319,0.0417526438832283,0.25815535838895154,1819,2795,0.2505418292170556,0.1432111001012309,0.23144584936989707,0.13086726764336068
S_81,0.06477104127407074,0.23720532655715942,0.06253738701343536,0.18899799102301248,3377,2170,0.16152875428310523,0.0878603647791962,0.19215396003080362,0.10628889616916756
S_82,0.06663544476032257,0.24847663938999176,0.062260910868644714,0.49092135321812447,2321,2270,0.41908081028224986,0.26508680077358754,0.42180094786854416,0.26726726726926764
S_83,0.0698494091629982,0.24665242433547974,0.08246414363384247,0.35059680696166073,3856,4454,0.341275571601274,0.2057457922240195,0.3239107883826194,0.19325390685565022
S_84,0.06447429955005646,0.23990507423877716,0.0738379955291748,0.3587818264497574,3343,2382,0.26620087336372716,0.15353616764224554,0.3055763193312818,0.18034233280539907
S_85,0.06427368521690369,0.24423891305923462,0.08857275545597076,0.5505379128721458,2852,2551,0.5948547103468539,0.42334035827338423,0.5995792426374481,0.4281422133214117
S_87,0.06568512320518494,0.23816609382629395,0.10905071347951889,0.49209826669574414,3478,4705,0.43602590736962477,0.2787935614951105,0.4292696952279625,0.273293062421246
S_88,0.07162637263536453,0.24561013281345367,0.07681205868721008,0.2941666111856662,3508,4537,0.25158483530235976,0.14389307550242586,0.24796921761543683,0.14153245485742388
S_89,0.09217195212841034,0.27802586555480957,0.1059955433011055,0.3383373233257694,4837,7932,0.3442712820116342,0.20792734840676572,0.2738169043198245,0.15862564348239117
S_90,0.07828159630298615,0.26257628202438354,0.08996507525444031,0.4135765250103914,3271,5128,0.4195737587814983,0.2654813921963756,0.39254050749099273,0.24419931533045985
S_91,0.09771515429019928,0.28271621465682983,0.10249783843755722,0.16617346212252807,5110,6989,0.24778907347776857,0.14141509434043262,0.18783017022188628,0.10364931980230657
S_92,0.0813356414437294,0.2555672228336334,0.12922023236751556,0.3488730716182028,5070,6811,0.39188620486542214,0.24369308070842277,0.34082840236751394,0.2054208273903882
S_93,0.06833206862211227,0.24100732803344727,0.11709879338741302,0.42960895544279526,4491,4807,0.48074854807541323,0.3164377743178303,0.48452460476565956,0.31971789597514
S_94,0.06869618594646454,0.24808207154273987,0.09461736679077148,0.4859501737516914,3176,3585,0.5064339594741807,0.3390770449607069,0.49559193954739356,0.3294265383019476
S_95,0.06716039776802063,0.24892257153987885,0.0947948545217514,0.5430038478436259,3094,2817,0.5755371341573752,0.4040380047520094,0.5830639948293744,0.4114963503663059
S_96,0.08001653105020523,0.2613302171230316,0.08127935975790024,0.2836927594496291,4079,5058,0.31979862099231715,0.1903335070359688,0.30375091934382964,0.1790721202497773
S_97,0.06952495127916336,0.250579833984375,0.08961714804172516,0.474268261443775,3051,3195,0.5145693243683724,0.34641086441184216,0.5083579154383672,0.3408042188544478
S_98,0.08704113215208054,0.26986467838287354,0.09690289944410324,0.3375747593654428,4516,6646,0.37824762587405636,0.23323389680782977,0.3370239149697331,0.20266311584660096
