seed,fold,best_epoch,best_val_total,checkpoint_path,bundle_path,train_manifest,val_manifest,n_train,n_val
42,1,10,4.085069729731633,/content/KFOLD_v02A_kfold_REAL_3seeds_10epochs_20260517_044750/seed_42/fold_1/checkpoints/kfold_seed42_fold1_best.pt,/content/KFOLD_v02A_kfold_REAL_3seeds_10epochs_20260517_044750/seed_42/fold_1/artifacts/kfold_seed42_fold1_bundle.joblib,/content/KFOLD_v02A_kfold_REAL_3seeds_10epochs_20260517_044750/seed_42/fold_1/train_manifest.csv,/content/KFOLD_v02A_kfold_REAL_3seeds_10epochs_20260517_044750/seed_42/fold_1/val_manifest.csv,199,50
42,2,10,3.6468004630162167,/content/KFOLD_v02A_kfold_REAL_3seeds_10epochs_20260517_044750/seed_42/fold_2/checkpoints/kfold_seed42_fold2_best.pt,/content/KFOLD_v02A_kfold_REAL_3seeds_10epochs_20260517_044750/seed_42/fold_2/artifacts/kfold_seed42_fold2_bundle.joblib,/content/KFOLD_v02A_kfold_REAL_3seeds_10epochs_20260517_044750/seed_42/fold_2/train_manifest.csv,/content/KFOLD_v02A_kfold_REAL_3seeds_10epochs_20260517_044750/seed_42/fold_2/val_manifest.csv,199,50
42,3,10,3.7502947587233324,/content/KFOLD_v02A_kfold_REAL_3seeds_10epochs_20260517_044750/seed_42/fold_3/checkpoints/kfold_seed42_fold3_best.pt,/content/KFOLD_v02A_kfold_REAL_3seeds_10epochs_20260517_044750/seed_42/fold_3/artifacts/kfold_seed42_fold3_bundle.joblib,/content/KFOLD_v02A_kfold_REAL_3seeds_10epochs_20260517_044750/seed_42/fold_3/train_manifest.csv,/content/KFOLD_v02A_kfold_REAL_3seeds_10epochs_20260517_044750/seed_42/fold_3/val_manifest.csv,199,50
42,4,10,4.0193161230820875,/content/KFOLD_v02A_kfold_REAL_3seeds_10epochs_20260517_044750/seed_42/fold_4/checkpoints/kfold_seed42_fold4_best.pt,/content/KFOLD_v02A_kfold_REAL_3seeds_10epochs_20260517_044750/seed_42/fold_4/artifacts/kfold_seed42_fold4_bundle.joblib,/content/KFOLD_v02A_kfold_REAL_3seeds_10epochs_20260517_044750/seed_42/fold_4/train_manifest.csv,/content/KFOLD_v02A_kfold_REAL_3seeds_10epochs_20260517_044750/seed_42/fold_4/val_manifest.csv,199,50
42,5,10,3.938980065859281,/content/KFOLD_v02A_kfold_REAL_3seeds_10epochs_20260517_044750/seed_42/fold_5/checkpoints/kfold_seed42_fold5_best.pt,/content/KFOLD_v02A_kfold_REAL_3seeds_10epochs_20260517_044750/seed_42/fold_5/artifacts/kfold_seed42_fold5_bundle.joblib,/content/KFOLD_v02A_kfold_REAL_3seeds_10epochs_20260517_044750/seed_42/fold_5/train_manifest.csv,/content/KFOLD_v02A_kfold_REAL_3seeds_10epochs_20260517_044750/seed_42/fold_5/val_manifest.csv,200,49
123,1,9,4.318387911869929,/content/KFOLD_v02A_kfold_REAL_3seeds_10epochs_20260517_044750/seed_123/fold_1/checkpoints/kfold_seed123_fold1_best.pt,/content/KFOLD_v02A_kfold_REAL_3seeds_10epochs_20260517_044750/seed_123/fold_1/artifacts/kfold_seed123_fold1_bundle.joblib,/content/KFOLD_v02A_kfold_REAL_3seeds_10epochs_20260517_044750/seed_123/fold_1/train_manifest.csv,/content/KFOLD_v02A_kfold_REAL_3seeds_10epochs_20260517_044750/seed_123/fold_1/val_manifest.csv,199,50
123,2,10,4.098665512525118,/content/KFOLD_v02A_kfold_REAL_3seeds_10epochs_20260517_044750/seed_123/fold_2/checkpoints/kfold_seed123_fold2_best.pt,/content/KFOLD_v02A_kfold_REAL_3seeds_10epochs_20260517_044750/seed_123/fold_2/artifacts/kfold_seed123_fold2_bundle.joblib,/content/KFOLD_v02A_kfold_REAL_3seeds_10epochs_20260517_044750/seed_123/fold_2/train_manifest.csv,/content/KFOLD_v02A_kfold_REAL_3seeds_10epochs_20260517_044750/seed_123/fold_2/val_manifest.csv,199,50
123,3,10,4.362293977003831,/content/KFOLD_v02A_kfold_REAL_3seeds_10epochs_20260517_044750/seed_123/fold_3/checkpoints/kfold_seed123_fold3_best.pt,/content/KFOLD_v02A_kfold_REAL_3seeds_10epochs_20260517_044750/seed_123/fold_3/artifacts/kfold_seed123_fold3_bundle.joblib,/content/KFOLD_v02A_kfold_REAL_3seeds_10epochs_20260517_044750/seed_123/fold_3/train_manifest.csv,/content/KFOLD_v02A_kfold_REAL_3seeds_10epochs_20260517_044750/seed_123/fold_3/val_manifest.csv,199,50
123,4,10,3.313828945159912,/content/KFOLD_v02A_kfold_REAL_3seeds_10epochs_20260517_044750/seed_123/fold_4/checkpoints/kfold_seed123_fold4_best.pt,/content/KFOLD_v02A_kfold_REAL_3seeds_10epochs_20260517_044750/seed_123/fold_4/artifacts/kfold_seed123_fold4_bundle.joblib,/content/KFOLD_v02A_kfold_REAL_3seeds_10epochs_20260517_044750/seed_123/fold_4/train_manifest.csv,/content/KFOLD_v02A_kfold_REAL_3seeds_10epochs_20260517_044750/seed_123/fold_4/val_manifest.csv,199,50
123,5,9,4.020960587721604,/content/KFOLD_v02A_kfold_REAL_3seeds_10epochs_20260517_044750/seed_123/fold_5/checkpoints/kfold_seed123_fold5_best.pt,/content/KFOLD_v02A_kfold_REAL_3seeds_10epochs_20260517_044750/seed_123/fold_5/artifacts/kfold_seed123_fold5_bundle.joblib,/content/KFOLD_v02A_kfold_REAL_3seeds_10epochs_20260517_044750/seed_123/fold_5/train_manifest.csv,/content/KFOLD_v02A_kfold_REAL_3seeds_10epochs_20260517_044750/seed_123/fold_5/val_manifest.csv,200,49
777,1,10,3.7992050647735596,/content/KFOLD_v02A_kfold_REAL_3seeds_10epochs_20260517_044750/seed_777/fold_1/checkpoints/kfold_seed777_fold1_best.pt,/content/KFOLD_v02A_kfold_REAL_3seeds_10epochs_20260517_044750/seed_777/fold_1/artifacts/kfold_seed777_fold1_bundle.joblib,/content/KFOLD_v02A_kfold_REAL_3seeds_10epochs_20260517_044750/seed_777/fold_1/train_manifest.csv,/content/KFOLD_v02A_kfold_REAL_3seeds_10epochs_20260517_044750/seed_777/fold_1/val_manifest.csv,199,50
777,2,10,3.6074731533343973,/content/KFOLD_v02A_kfold_REAL_3seeds_10epochs_20260517_044750/seed_777/fold_2/checkpoints/kfold_seed777_fold2_best.pt,/content/KFOLD_v02A_kfold_REAL_3seeds_10epochs_20260517_044750/seed_777/fold_2/artifacts/kfold_seed777_fold2_bundle.joblib,/content/KFOLD_v02A_kfold_REAL_3seeds_10epochs_20260517_044750/seed_777/fold_2/train_manifest.csv,/content/KFOLD_v02A_kfold_REAL_3seeds_10epochs_20260517_044750/seed_777/fold_2/val_manifest.csv,199,50
777,3,10,4.132152850811298,/content/KFOLD_v02A_kfold_REAL_3seeds_10epochs_20260517_044750/seed_777/fold_3/checkpoints/kfold_seed777_fold3_best.pt,/content/KFOLD_v02A_kfold_REAL_3seeds_10epochs_20260517_044750/seed_777/fold_3/artifacts/kfold_seed777_fold3_bundle.joblib,/content/KFOLD_v02A_kfold_REAL_3seeds_10epochs_20260517_044750/seed_777/fold_3/train_manifest.csv,/content/KFOLD_v02A_kfold_REAL_3seeds_10epochs_20260517_044750/seed_777/fold_3/val_manifest.csv,199,50
777,4,10,3.7011722968174863,/content/KFOLD_v02A_kfold_REAL_3seeds_10epochs_20260517_044750/seed_777/fold_4/checkpoints/kfold_seed777_fold4_best.pt,/content/KFOLD_v02A_kfold_REAL_3seeds_10epochs_20260517_044750/seed_777/fold_4/artifacts/kfold_seed777_fold4_bundle.joblib,/content/KFOLD_v02A_kfold_REAL_3seeds_10epochs_20260517_044750/seed_777/fold_4/train_manifest.csv,/content/KFOLD_v02A_kfold_REAL_3seeds_10epochs_20260517_044750/seed_777/fold_4/val_manifest.csv,199,50
777,5,10,3.6207043757805457,/content/KFOLD_v02A_kfold_REAL_3seeds_10epochs_20260517_044750/seed_777/fold_5/checkpoints/kfold_seed777_fold5_best.pt,/content/KFOLD_v02A_kfold_REAL_3seeds_10epochs_20260517_044750/seed_777/fold_5/artifacts/kfold_seed777_fold5_bundle.joblib,/content/KFOLD_v02A_kfold_REAL_3seeds_10epochs_20260517_044750/seed_777/fold_5/train_manifest.csv,/content/KFOLD_v02A_kfold_REAL_3seeds_10epochs_20260517_044750/seed_777/fold_5/val_manifest.csv,200,49
