epoch,stage,lr,score,train_total,val_total,grad_norm_before,grad_norm_after,pred_region_unique,binary_prob_mean,boundary_prob_mean,inter_prob_mean,curve_prob_mean
1,binary_foundation_stable,6e-05,-11.240847766399384,11.38394832611084,11.240847766399384,3.4336450295059238,0.7999997933151454,"[0, 1, 2, 3, 4, 5, 6, 7, 8, 9, 10, 11, 12, 13, 14, 15, 16, 17, 18, 19, 20, 21, 22, 23, 24]",0.3719934821128845,0.5886021852493286,0.501095712184906,0.4641830325126648
2,binary_foundation_stable,6e-05,-11.88420158624649,10.72122768645591,11.88420158624649,6.141399046335015,0.7999998705445878,"[0, 1, 2, 3, 4, 5, 6, 7, 8, 9, 10, 11, 12, 13, 14, 15, 16, 17, 18, 19, 20, 21, 22, 23, 24]",0.4975283741950989,0.6130163669586182,0.44497212767601013,0.5445680618286133
3,binary_foundation_stable,6e-05,-11.126746535301208,10.408538879232204,11.126746535301208,inf,,"[0, 1, 2, 3, 4, 5, 6, 7, 8, 9, 10, 11, 12, 13, 14, 15, 16, 18, 19, 20, 21, 22, 23, 24]",0.4572370946407318,0.6049391627311707,0.4608766436576843,0.5242847204208374
4,binary_foundation_stable,6e-05,-10.52109444141388,10.137394803635617,10.52109444141388,6.577564534732591,0.7999998961231364,"[0, 1, 2, 3, 4, 5, 6, 7, 8, 9, 10, 11, 12, 13, 14, 15, 16, 18, 19, 20, 21, 22, 23, 24]",0.3840782046318054,0.5998224020004272,0.4900714159011841,0.4903741478919983
5,binary_foundation_stable,6e-05,-10.367442846298218,9.988625404682566,10.367442846298218,7.108557484033772,0.799999912472667,"[0, 1, 2, 3, 4, 5, 6, 7, 8, 9, 10, 11, 12, 13, 14, 15, 16, 18, 19, 20, 21, 22, 23, 24]",0.3668402433395386,0.5928800106048584,0.49450916051864624,0.48360908031463623
6,binary_foundation_stable,6e-05,-10.25134402513504,9.826632235912566,10.25134402513504,6.9314383914131,0.7999999057013216,"[0, 1, 2, 3, 4, 6, 7, 8, 9, 10, 11, 12, 14, 15, 16, 18, 19, 20, 21, 22, 23, 24]",0.36978960037231445,0.5897800922393799,0.48528486490249634,0.48589056730270386
7,binary_foundation_stable,6e-05,-10.072349905967712,9.690207278474848,10.072349905967712,7.4198521376231605,0.7999999161049469,"[0, 1, 2, 4, 7, 8, 9, 10, 11, 12, 14, 15, 16, 18, 19, 20, 21, 22, 23, 24]",0.3532428443431854,0.5831151008605957,0.4919430613517761,0.4816419184207916
8,binary_foundation_stable,6e-05,-10.464502513408661,9.544249433152219,10.464502513408661,7.314491651452085,0.7999999169661309,"[0, 1, 2, 4, 6, 7, 8, 9, 10, 11, 12, 14, 15, 16, 18, 19, 20, 21, 22, 24]",0.4097438454627991,0.574702262878418,0.46620965003967285,0.5132472515106201
9,binary_foundation_stable,6e-05,-10.137181103229523,9.365182470768056,10.137181103229523,7.481439065511051,0.7999999118358155,"[0, 1, 2, 4, 7, 8, 9, 10, 11, 12, 14, 15, 16, 18, 19, 20, 21, 22, 24]",0.38613200187683105,0.566806435585022,0.4725323021411896,0.5057199001312256
10,binary_foundation_stable,6e-05,-9.775758683681488,9.235466591855312,9.775758683681488,7.397939105190808,0.7999999119750608,"[0, 1, 2, 4, 7, 8, 9, 10, 11, 12, 14, 15, 16, 18, 19, 20, 21, 22, 24]",0.3566080331802368,0.5614148378372192,0.4856265187263489,0.49384239315986633
11,binary_foundation_stable,6e-05,-9.733989477157593,9.07068248505288,9.733989477157593,8.053672049495871,0.7999999224827181,"[0, 1, 2, 3, 4, 6, 7, 8, 9, 10, 11, 12, 14, 16, 18, 19, 20, 21, 22, 24]",0.3574431538581848,0.5541137456893921,0.482646107673645,0.4961187243461609
12,binary_foundation_stable,6e-05,-9.7064688205719,8.941222332893535,9.7064688205719,7.651583786746664,0.7999999288631514,"[0, 1, 2, 4, 6, 7, 8, 9, 10, 11, 14, 16, 18, 19, 20, 21, 22, 24]",0.3635532855987549,0.5467774868011475,0.4794314503669739,0.5013328790664673
13,binary_foundation_stable,6e-05,-9.543825179338455,8.802011611613821,9.543825179338455,8.04872339797559,0.7999999214993194,"[0, 1, 2, 3, 4, 6, 7, 8, 9, 10, 11, 14, 18, 19, 20, 21, 24]",0.3535825312137604,0.5383821129798889,0.47809064388275146,0.5004074573516846
14,binary_foundation_stable,6e-05,-9.233626425266266,8.659621441617926,9.233626425266266,7.686286268692343,0.7999999113410814,"[0, 1, 2, 3, 4, 6, 7, 8, 9, 10, 11, 14, 18, 19, 20, 21, 24]",0.32012349367141724,0.5327959060668945,0.48886799812316895,0.4898427128791809
15,binary_foundation_stable,6e-05,-8.959654748439789,8.517015020898048,8.959654748439789,7.734090025714218,0.7999999209938761,"[0, 1, 2, 3, 6, 7, 8, 9, 10, 11, 14, 18, 19, 20, 21, 24]",0.3034694790840149,0.5257734060287476,0.4893033504486084,0.48504239320755005
16,binary_foundation_stable,6e-05,-8.804670214653015,8.364979693230163,8.804670214653015,7.871660252329311,0.7999999084599322,"[0, 1, 2, 3, 6, 7, 8, 9, 10, 11, 14, 18, 19, 20, 21, 24]",0.30219370126724243,0.5192325115203857,0.4867144823074341,0.4865102171897888
17,binary_foundation_stable,6e-05,-8.849153071641922,8.184881534982235,8.849153071641922,8.124784453157439,0.7999999076482653,"[0, 1, 2, 4, 6, 7, 8, 9, 10, 11, 14, 18, 19, 20, 21, 24]",0.30650562047958374,0.5081790089607239,0.4796049892902374,0.4919767677783966
18,binary_foundation_stable,6e-05,-8.583163261413574,8.061812228344856,8.583163261413574,7.891841646821975,0.7999999211494394,"[0, 1, 2, 3, 6, 7, 8, 9, 10, 11, 14, 18, 19, 20, 21, 24]",0.29775646328926086,0.5021330118179321,0.48156315088272095,0.4900760054588318
19,binary_foundation_stable,6e-05,-8.7560875415802,7.875559035767901,8.7560875415802,7.4306725944149505,0.7999999214742396,"[0, 1, 2, 6, 7, 8, 9, 10, 11, 14, 18, 19, 20, 21, 23, 24]",0.3120805621147156,0.49219900369644165,0.4737813472747803,0.4966241121292114
20,binary_foundation_stable,6e-05,-8.300710439682007,7.736640047519765,8.300710439682007,8.201620408345908,0.7999999260003317,"[0, 1, 2, 3, 6, 7, 8, 9, 10, 11, 14, 18, 19, 20, 21, 23, 24]",0.28350821137428284,0.4835994839668274,0.4785573482513428,0.48936358094215393
21,binary_foundation_stable,6e-05,-8.086161315441132,7.593082833797373,8.086161315441132,8.482080845197688,0.7999999225404572,"[0, 1, 3, 6, 7, 8, 9, 10, 11, 14, 18, 19, 20, 21, 22, 23, 24]",0.2752847671508789,0.47626304626464844,0.47768643498420715,0.4879910945892334
22,binary_foundation_stable,6e-05,-8.060385197401047,7.420670387592722,8.060385197401047,8.277244632142622,0.7999999110961117,"[0, 1, 3, 6, 7, 8, 9, 10, 11, 14, 17, 18, 19, 20, 21, 23, 24]",0.26902830600738525,0.47127044200897217,0.4769362211227417,0.4877048134803772
23,region_stable_long,4.8e-05,-18.321882963180542,18.407123525091944,18.321882963180542,inf,,"[0, 1, 6, 8, 9, 10, 11, 13, 14, 17, 18, 19, 20, 21, 22, 23]",0.2559819519519806,0.46404051780700684,0.4630243182182312,0.4758598506450653
24,region_stable_long,4.8e-05,-17.482126712799072,17.699376370044465,17.482126712799072,12.02063318365971,0.7999999366998346,"[0, 1, 6, 8, 11, 13, 14, 16, 17, 18, 19, 20, 21, 22, 23]",0.25027111172676086,0.4629119634628296,0.45159751176834106,0.47485053539276123
25,region_stable_long,4.8e-05,-17.11978590488434,17.034943966155357,17.11978590488434,12.100260509464892,0.7999999569717992,"[0, 1, 7, 8, 13, 14, 16, 17, 18, 19, 20, 21, 22, 23]",0.2585142254829407,0.456400990486145,0.4343440532684326,0.47883856296539307
26,region_stable_long,4.8e-05,-16.56310760974884,16.491098769167635,16.56310760974884,12.26621158782944,0.7999999573534845,"[0, 8, 13, 14, 16, 17, 18, 19, 20, 21, 22, 23]",0.25845611095428467,0.45395487546920776,0.42417675256729126,0.4792558252811432
27,region_stable_long,4.8e-05,-16.199915409088135,16.06679384759132,16.199915409088135,11.814015260767423,0.7999999520300508,"[0, 8, 13, 14, 16, 17, 18, 19, 20, 21, 22, 23]",0.26823216676712036,0.4513818323612213,0.4154161214828491,0.47825872898101807
28,region_stable_long,4.8e-05,-15.4386505484581,15.630953910502981,15.4386505484581,12.281651816088456,0.799999957014096,"[0, 13, 14, 16, 17, 18, 20, 21, 22, 23]",0.2476925402879715,0.44863268733024597,0.40479958057403564,0.47529053688049316
29,region_stable_long,4.8e-05,-15.68180912733078,15.040513687945428,15.68180912733078,12.313797827208077,0.7999999478141495,"[0, 13, 14, 15, 16, 17, 18, 20, 21, 22, 23]",0.2898722290992737,0.44536495208740234,0.38978111743927,0.48855340480804443
30,region_stable_long,4.8e-05,-14.659487307071686,14.607030726493672,14.659487307071686,12.025231809440523,0.7999999519786802,"[0, 13, 14, 15, 16, 17, 18, 19, 20, 21, 22, 23]",0.26765894889831543,0.446411669254303,0.38020020723342896,0.47866570949554443
31,region_stable_long,4.8e-05,-14.68473106622696,14.208049591551436,14.68473106622696,12.419825479542537,0.7999999604724286,"[0, 13, 14, 15, 16, 17, 18, 19, 20, 21, 22, 23]",0.28378498554229736,0.4435940384864807,0.37378475069999695,0.4800665080547333
32,region_stable_long,4.8e-05,-13.58527785539627,13.903282307563945,13.58527785539627,12.392767752928423,0.7999999659508144,"[0, 11, 13, 14, 15, 16, 17, 18, 19, 20, 21, 22, 23]",0.2516489326953888,0.4308958053588867,0.35563987493515015,0.4803144633769989
33,region_stable_long,4.8e-05,-13.578821778297424,13.441506406094165,13.578821778297424,12.04848735155075,0.7999999441609239,"[0, 1, 8, 13, 14, 15, 16, 17, 18, 19, 20, 21, 22, 23]",0.2651435136795044,0.4308323264122009,0.35199761390686035,0.48070627450942993
34,region_stable_long,4.8e-05,-12.850733578205109,13.209914329204153,12.850733578205109,11.774021202289383,0.7999999500250881,"[0, 1, 13, 14, 15, 17, 18, 19, 20, 21, 22, 23]",0.24360647797584534,0.42951327562332153,0.33454418182373047,0.46936824917793274
35,region_stable_long,4.8e-05,-12.534324169158936,12.869723259134496,12.534324169158936,12.216906446859685,0.7999999457009745,"[0, 1, 8, 13, 14, 15, 17, 18, 19, 20, 21, 22, 23]",0.24684710800647736,0.4200017750263214,0.32903581857681274,0.47487518191337585
36,region_stable_long,4.8e-05,-12.132264912128448,12.492126140188663,12.132264912128448,11.486456341324365,0.7999999471906688,"[0, 1, 8, 14, 15, 16, 17, 18, 19, 20, 21, 23]",0.24256353080272675,0.4114353656768799,0.3154250383377075,0.4705771803855896
37,region_stable_long,4.8e-05,-11.976322174072266,12.261032084201245,11.976322174072266,11.848030893957544,0.7999999380160318,"[0, 1, 8, 11, 14, 15, 16, 17, 18, 19, 20, 21, 23]",0.2461392879486084,0.4049105644226074,0.30788183212280273,0.47187739610671997
38,region_stable_long,4.8e-05,-11.346734404563904,11.925439550521526,11.346734404563904,12.129214722509145,0.799999954228862,"[0, 1, 8, 11, 14, 15, 16, 17, 18, 19, 20, 21, 23]",0.22682414948940277,0.39870306849479675,0.29564368724823,0.46781104803085327
39,region_stable_long,4.8e-05,-11.397101521492004,11.557989120483398,11.397101521492004,10.849304476643544,0.7999999543498946,"[0, 1, 8, 11, 14, 15, 16, 17, 18, 19, 20, 21, 22, 23]",0.24176472425460815,0.39729565382003784,0.29344844818115234,0.47120341658592224
40,region_stable_long,4.8e-05,-11.091003894805908,11.397949178168114,11.091003894805908,11.794441345496974,0.799999940683029,"[0, 1, 8, 11, 14, 15, 16, 17, 18, 19, 20, 21, 22, 23]",0.2340526580810547,0.3914191722869873,0.28222084045410156,0.4679454565048218
41,region_stable_long,4.8e-05,-10.957391440868378,11.128645004110133,10.957391440868378,11.975452132497134,0.7999999464381843,"[0, 8, 11, 14, 16, 17, 18, 19, 20, 21, 22, 23]",0.23947495222091675,0.3815346956253052,0.278314471244812,0.47281819581985474
42,region_stable_long,4.8e-05,-10.556087017059326,10.86208927885015,10.556087017059326,11.294977672041982,0.7999999506377932,"[0, 8, 11, 14, 15, 16, 17, 18, 19, 20, 21, 22, 23]",0.22792136669158936,0.3718531131744385,0.2683531939983368,0.47201550006866455
43,region_stable_long,4.8e-05,-10.358788967132568,10.65318194856035,10.358788967132568,11.296852159988882,0.799999939889476,"[0, 1, 11, 14, 15, 16, 17, 18, 19, 20, 21, 23]",0.22003273665905,0.3644176423549652,0.25657886266708374,0.4678763151168823
44,region_stable_long,4.8e-05,-10.518786311149597,10.456515860050283,10.518786311149597,11.395371230928014,0.7999999419295964,"[0, 11, 12, 14, 15, 16, 17, 18, 19, 20, 21, 22, 23]",0.23655274510383606,0.3662484884262085,0.25808385014533997,0.47190195322036743
45,region_stable_long,4.8e-05,-10.364116370677948,10.260148170146536,10.364116370677948,10.577793705417792,0.7999999455409275,"[0, 1, 11, 14, 15, 16, 17, 18, 19, 20, 21, 22, 23]",0.23705269396305084,0.35572928190231323,0.25440454483032227,0.4746495485305786
46,region_stable_long,4.8e-05,-9.789025902748108,10.044280965277489,9.789025902748108,9.868496005932533,0.7999999379289836,"[0, 11, 12, 14, 15, 16, 17, 18, 19, 20, 21, 23]",0.21756868064403534,0.34616854786872864,0.23997218906879425,0.46962881088256836
47,region_stable_long,4.8e-05,-10.353614211082458,9.909720441128345,10.353614211082458,10.851360625181274,0.7999999488827613,"[0, 1, 11, 12, 14, 15, 16, 17, 18, 19, 20, 21, 22, 23]",0.2397548109292984,0.3474893569946289,0.24191364645957947,0.473141074180603
48,region_stable_long,4.8e-05,-9.704382359981537,9.715194641275609,9.704382359981537,10.161669270614041,0.7999999365813103,"[0, 11, 14, 15, 16, 17, 18, 19, 20, 21, 22, 23]",0.2198832929134369,0.3335818648338318,0.23046579957008362,0.46938395500183105
49,region_stable_long,4.8e-05,-9.584479033946991,9.557543267595006,9.584479033946991,9.54149807475756,0.7999999316077315,"[0, 1, 11, 12, 14, 15, 16, 17, 18, 19, 20, 21, 22, 23]",0.2239980548620224,0.3228496015071869,0.226730614900589,0.47301197052001953
50,region_stable_long,4.8e-05,-9.237948656082153,9.411473964123015,9.237948656082153,9.08684780188531,0.7999999355494335,"[0, 1, 11, 12, 14, 15, 16, 17, 18, 19, 20, 21, 22, 23]",0.20821067690849304,0.3133397698402405,0.21806524693965912,0.473190039396286
51,region_stable_long,4.8e-05,-9.17221736907959,9.30308303427189,9.17221736907959,9.452532400499233,0.7999999352383218,"[0, 1, 11, 12, 14, 15, 16, 17, 18, 19, 20, 21, 22, 23]",0.2016371488571167,0.3121863007545471,0.20719791948795319,0.4650520384311676
52,region_stable_long,4.8e-05,-8.951855421066284,9.11067583205852,8.951855421066284,9.833406556714968,0.7999999299073767,"[0, 1, 11, 12, 14, 15, 16, 17, 18, 19, 20, 21, 22, 23]",0.20925943553447723,0.3070705831050873,0.20642226934432983,0.4693586826324463
53,region_stable_long,4.8e-05,-8.911956757307053,8.990635851596265,8.911956757307053,9.501554137647927,0.7999999303561889,"[0, 1, 11, 12, 14, 15, 16, 17, 18, 19, 20, 21, 22, 23]",0.2047981172800064,0.2961893677711487,0.19918130338191986,0.4684341847896576
54,region_stable_long,4.8e-05,-8.866060882806778,8.846438083242862,8.866060882806778,9.09787050754995,0.7999999283703729,"[0, 1, 11, 12, 14, 15, 16, 17, 18, 19, 20, 21, 22, 23]",0.20976415276527405,0.2908979058265686,0.20087093114852905,0.47238826751708984
55,region_stable_long,4.8e-05,-8.707396388053894,8.783115894236463,8.707396388053894,9.71447326745148,0.7999999317446813,"[0, 1, 11, 12, 14, 15, 16, 17, 18, 19, 20, 21, 22, 23]",0.19967958331108093,0.2788316607475281,0.19066433608531952,0.4690776467323303
56,region_stable_long,4.8e-05,-8.644942075014114,8.622897249587039,8.644942075014114,8.45060803744531,0.7999999354402463,"[0, 1, 11, 12, 14, 15, 16, 17, 18, 19, 20, 21, 22, 23]",0.20505869388580322,0.2790049612522125,0.19158059358596802,0.47185811400413513
57,region_stable_long,4.8e-05,-8.726176381111145,8.498870443790517,8.726176381111145,8.572197941768605,0.7999999138285987,"[0, 1, 11, 12, 14, 15, 16, 17, 18, 19, 20, 21, 22, 23]",0.2103308141231537,0.27126067876815796,0.19185785949230194,0.47492748498916626
58,region_stable_long,4.8e-05,-8.31073996424675,8.373711180179678,8.31073996424675,8.096229575287293,0.7999999191278937,"[0, 1, 11, 12, 14, 15, 16, 17, 18, 19, 20, 21, 22, 23]",0.18720728158950806,0.26224690675735474,0.17709219455718994,0.4681493043899536
59,region_stable_long,4.8e-05,-8.377934634685516,8.30624056876974,8.377934634685516,9.263201488768063,0.7999999301442657,"[0, 1, 11, 12, 13, 14, 15, 16, 17, 18, 19, 20, 21, 22, 23]",0.19484058022499084,0.2601562738418579,0.17464295029640198,0.46807390451431274
60,region_stable_long,4.8e-05,-8.272404968738556,8.213626952881508,8.272404968738556,8.381067163574262,0.7999999387732472,"[0, 1, 11, 12, 13, 14, 15, 16, 17, 18, 19, 20, 21, 22, 23]",0.19271570444107056,0.25345465540885925,0.16899974644184113,0.4678308963775635
61,region_stable_long,4.8e-05,-8.21618303656578,8.127089571445547,8.21618303656578,8.302049304721102,0.7999999243656091,"[0, 1, 11, 12, 13, 14, 15, 16, 17, 18, 19, 20, 21, 22, 23]",0.18459683656692505,0.24732086062431335,0.1658926010131836,0.4665144383907318
62,region_stable_long,4.8e-05,-8.312169939279556,8.055932805893269,8.312169939279556,8.203084129682196,0.7999999223160715,"[0, 1, 11, 12, 13, 14, 15, 16, 17, 18, 19, 20, 21, 22, 23]",0.19416892528533936,0.2420022040605545,0.17295512557029724,0.47316110134124756
63,region_stable_long,4.8e-05,-8.077450394630432,8.00680321835457,8.077450394630432,8.71017142068506,0.7999999197302613,"[0, 1, 11, 12, 13, 14, 15, 16, 17, 18, 19, 20, 21, 22, 23]",0.1817726343870163,0.2351432740688324,0.15801489353179932,0.4673008620738983
64,region_stable_long,4.8e-05,-7.926110059022903,7.910163260520773,7.926110059022903,8.525340377456004,0.7999999264303588,"[0, 1, 11, 12, 13, 14, 15, 16, 17, 18, 19, 20, 21, 22, 23]",0.17573049664497375,0.22751370072364807,0.15548233687877655,0.4683951437473297
65,region_stable_long,4.8e-05,-7.978974312543869,7.8074727058410645,7.978974312543869,8.918731144105264,0.7999999262576709,"[0, 1, 11, 12, 13, 14, 15, 16, 17, 18, 19, 20, 21, 22, 23]",0.18560992181301117,0.2281266748905182,0.15520676970481873,0.46812355518341064
66,region_stable_long,4.8e-05,-7.846419095993042,7.766624034719264,7.846419095993042,8.693541619554699,0.7999999197921183,"[0, 1, 11, 12, 13, 14, 15, 16, 17, 18, 19, 20, 21, 22, 23]",0.17100408673286438,0.21576640009880066,0.14714917540550232,0.4655526876449585
67,region_stable_long,4.8e-05,-8.043068498373032,7.727081572755854,8.043068498373032,8.974467765740465,0.7999999255757803,"[0, 1, 11, 12, 13, 14, 15, 16, 17, 18, 19, 20, 21, 22, 23]",0.1871328055858612,0.2184651643037796,0.15345856547355652,0.4694984555244446
68,region_stable_long,4.8e-05,-7.718174636363983,7.614270098665927,7.718174636363983,8.922678058729957,0.7999999203637261,"[0, 1, 11, 12, 13, 14, 15, 16, 17, 18, 19, 20, 21, 22, 23]",0.17410045862197876,0.21205450594425201,0.14367946982383728,0.4665621817111969
69,region_stable_long,4.8e-05,-7.735027492046356,7.610232688011007,7.735027492046356,9.09947029118734,0.7999999351291096,"[0, 1, 11, 12, 13, 14, 15, 16, 17, 18, 19, 20, 21, 22, 23]",0.16843700408935547,0.20458850264549255,0.13859714567661285,0.4643961787223816
70,region_stable_long,4.8e-05,-7.6276765167713165,7.529306878434851,7.6276765167713165,8.636847793198044,0.7999999236919922,"[0, 1, 11, 12, 13, 14, 15, 16, 17, 18, 19, 20, 21, 22, 23]",0.16555792093276978,0.19812753796577454,0.13846565783023834,0.4650208353996277
71,region_stable_long,4.8e-05,-7.675933420658112,7.42587604928524,7.675933420658112,8.261701784403911,0.7999999297834828,"[0, 1, 11, 12, 13, 14, 15, 16, 17, 18, 19, 20, 21, 22, 23]",0.17873422801494598,0.20164969563484192,0.14316809177398682,0.4698392152786255
72,region_stable_long,4.8e-05,-7.574761778116226,7.397265190773822,7.574761778116226,8.725087638446881,0.7999999298790692,"[0, 1, 11, 12, 13, 14, 15, 16, 17, 18, 19, 20, 21, 22, 23]",0.1678713858127594,0.18953639268875122,0.13668815791606903,0.4692220091819763
73,region_stable_long,4.8e-05,-7.685022294521332,7.307825961011521,7.685022294521332,8.170946446148378,0.7999999372520844,"[0, 1, 11, 12, 13, 14, 15, 16, 17, 18, 19, 20, 21, 22, 23]",0.17143608629703522,0.18665285408496857,0.13513877987861633,0.4704592227935791
74,region_stable_long,4.8e-05,-7.478300899267197,7.2548536036876925,7.478300899267197,9.029598895746815,0.7999999288632338,"[0, 1, 11, 12, 13, 14, 15, 16, 17, 18, 19, 20, 21, 22, 23]",0.15917542576789856,0.1858883798122406,0.12941347062587738,0.46670016646385193
75,region_stable_long,4.8e-05,-7.6700223088264465,7.202321945352757,7.6700223088264465,9.266223321608733,0.7999999326983005,"[0, 1, 11, 12, 13, 14, 15, 16, 17, 18, 19, 20, 21, 22, 23]",0.17309316992759705,0.18510934710502625,0.13698183000087738,0.4696495532989502
76,region_stable_long,4.8e-05,-7.4302177131175995,7.127927709133067,7.4302177131175995,8.59943461160762,0.799999927002288,"[0, 1, 11, 12, 13, 14, 15, 16, 17, 18, 19, 20, 21, 22, 23]",0.1665298342704773,0.17771895229816437,0.13043110072612762,0.46954047679901123
77,region_stable_long,4.8e-05,-7.410757124423981,7.096029372925454,7.410757124423981,8.238720385901784,0.7999999265753283,"[0, 1, 11, 12, 13, 14, 15, 16, 17, 18, 19, 20, 21, 22, 23]",0.164314866065979,0.1770760416984558,0.127959743142128,0.4684374928474426
78,region_stable_long,4.8e-05,-7.371372222900391,7.0664382691079,7.371372222900391,8.961967035755537,0.7999999294074079,"[0, 1, 11, 12, 13, 14, 15, 16, 17, 18, 19, 20, 21, 22, 23]",0.15809589624404907,0.16853302717208862,0.12426412850618362,0.4658019244670868
79,region_stable_long,4.8e-05,-7.480629235506058,6.9735112494610725,7.480629235506058,8.634754658167449,0.7999999298292815,"[0, 1, 11, 12, 13, 14, 15, 16, 17, 18, 19, 20, 21, 22, 23]",0.1625094711780548,0.1730697751045227,0.12439469993114471,0.46646150946617126
80,region_stable_long,4.8e-05,-7.453697234392166,6.932495604170129,7.453697234392166,9.434875758612609,0.7999999285135769,"[0, 1, 11, 12, 13, 14, 15, 16, 17, 18, 19, 20, 21, 22, 23]",0.15926507115364075,0.16448937356472015,0.12307901680469513,0.4642680287361145
81,region_stable_long,4.8e-05,-7.295244753360748,6.906038192992515,7.295244753360748,9.13238290007614,0.7999999344013686,"[0, 1, 11, 12, 13, 14, 15, 16, 17, 18, 19, 20, 21, 22, 23]",0.16032326221466064,0.16500717401504517,0.12068594992160797,0.4678065776824951
82,region_stable_long,4.8e-05,-7.377767026424408,6.863724576666,7.377767026424408,9.40353582756036,0.7999999363680618,"[0, 1, 11, 12, 13, 14, 15, 16, 17, 18, 19, 20, 21, 22, 23]",0.16872207820415497,0.16164375841617584,0.12474722415208817,0.46964484453201294
83,region_stable_long,4.8e-05,-7.216702073812485,6.792038521868117,7.216702073812485,9.476179064643116,0.7999999313952503,"[0, 1, 8, 11, 12, 13, 14, 15, 16, 17, 18, 19, 20, 21, 22, 23]",0.15617695450782776,0.16049808263778687,0.11361517012119293,0.4673750102519989
84,region_stable_long,4.8e-05,-7.235930681228638,6.752788208900614,7.235930681228638,9.581178664576827,0.799999935042051,"[0, 1, 8, 11, 12, 13, 14, 15, 16, 17, 18, 19, 20, 21, 22, 23]",0.15621356666088104,0.15431827306747437,0.11687780916690826,0.47034013271331787
85,region_stable_long,4.8e-05,-7.248579651117325,6.737939631685298,7.248579651117325,10.308180995274716,0.7999999369635566,"[0, 1, 8, 11, 12, 13, 14, 15, 16, 17, 18, 19, 20, 21, 22, 23]",0.15628278255462646,0.1516839563846588,0.11416932940483093,0.46761536598205566
86,region_stable_long,4.8e-05,-7.183614939451218,6.6835577335763485,7.183614939451218,9.371215024881986,0.7999999384860568,"[0, 1, 8, 11, 12, 13, 14, 15, 16, 17, 18, 19, 20, 21, 22, 23]",0.15171261131763458,0.14464037120342255,0.11055991053581238,0.4659760594367981
87,region_stable_long,4.8e-05,-7.405106008052826,6.654248318773635,7.405106008052826,9.562728226763028,0.7999999416168087,"[0, 1, 8, 11, 12, 13, 14, 15, 16, 17, 18, 19, 20, 21, 22, 23]",0.16120049357414246,0.14543700218200684,0.12131772935390472,0.46877944469451904
88,region_stable_long,4.8e-05,-7.108948856592178,6.593683902253496,7.108948856592178,10.116895403768382,0.79999993952588,"[0, 1, 8, 11, 12, 13, 14, 15, 16, 17, 18, 19, 20, 21, 22, 23]",0.15458562970161438,0.14297115802764893,0.11011805385351181,0.47073113918304443
89,region_stable_long,4.8e-05,-7.237227290868759,6.587376503234214,7.237227290868759,9.361399931498552,0.7999999346258038,"[0, 1, 8, 11, 12, 13, 14, 15, 16, 17, 18, 19, 20, 21, 22, 23]",0.15870697796344757,0.14193181693553925,0.11344887316226959,0.4664742350578308
90,region_stable_long,4.8e-05,-7.2075696885585785,6.502525207844187,7.2075696885585785,9.221752012581712,0.7999999336560266,"[0, 1, 8, 11, 12, 13, 14, 15, 16, 17, 18, 19, 20, 21, 22, 23]",0.15137910842895508,0.14281833171844482,0.11090067028999329,0.4675198495388031
91,region_stable_long,4.8e-05,-7.293885678052902,6.461155394290356,7.293885678052902,9.45899225728318,0.7999999404478116,"[0, 1, 8, 11, 12, 13, 14, 15, 16, 17, 18, 19, 20, 21, 22, 23]",0.1635807454586029,0.13783296942710876,0.11928156763315201,0.4723086357116699
92,region_stable_long,4.8e-05,-7.098704814910889,6.423100309169039,7.098704814910889,10.039948580668085,0.7999999360772578,"[0, 1, 8, 11, 12, 13, 14, 15, 16, 17, 18, 19, 20, 21, 22, 23]",0.1526799201965332,0.13105061650276184,0.11077603697776794,0.4653996229171753
93,region_stable_long,4.8e-05,-7.066473960876465,6.363164191550397,7.066473960876465,9.784440813952434,0.7999999420071918,"[0, 1, 8, 11, 12, 13, 14, 15, 16, 17, 18, 19, 20, 21, 22, 23]",0.15258324146270752,0.1303684413433075,0.10989420115947723,0.46955496072769165
94,region_stable_long,4.8e-05,-7.100179851055145,6.373735265528902,7.100179851055145,10.22193450026291,0.799999930351892,"[0, 1, 8, 11, 12, 13, 14, 15, 16, 17, 18, 19, 20, 21, 22, 23]",0.1508481204509735,0.13189035654067993,0.10549482703208923,0.46836256980895996
95,region_stable_long,4.8e-05,-7.213040113449097,6.326226660545836,7.213040113449097,9.722821569000716,0.7999999443600722,"[0, 1, 8, 11, 12, 13, 14, 15, 16, 17, 18, 19, 20, 21, 22, 23]",0.1524266004562378,0.1245066225528717,0.10936401784420013,0.46697869896888733
96,region_stable_long,4.8e-05,-7.048238605260849,6.2872781347721185,7.048238605260849,10.381492843680123,0.799999935585855,"[0, 1, 8, 11, 12, 13, 14, 15, 16, 17, 18, 19, 20, 21, 22, 23]",0.14074793457984924,0.12195060402154922,0.09732584655284882,0.4642152190208435
97,region_stable_long,4.8e-05,-6.9876052141189575,6.296827691666623,6.9876052141189575,11.758615247392957,0.7999999453592327,"[0, 1, 8, 11, 12, 13, 14, 15, 16, 17, 18, 19, 20, 21, 22, 23]",0.14609187841415405,0.11923806369304657,0.10161465406417847,0.4656105637550354
98,region_stable_long,4.8e-05,-6.9957035779953,6.197660750531136,6.9957035779953,10.263664713279613,0.7999999371067604,"[0, 1, 8, 11, 12, 13, 14, 15, 16, 17, 18, 19, 20, 21, 22, 23]",0.14976604282855988,0.12016543745994568,0.10239863395690918,0.4690350294113159
99,region_stable_long,4.8e-05,-7.059125185012817,6.148666168781037,7.059125185012817,11.17904169717601,0.7999999539469815,"[0, 1, 8, 11, 12, 13, 14, 15, 16, 17, 18, 19, 20, 21, 22, 23]",0.1475464105606079,0.11858351528644562,0.10402502119541168,0.4665995240211487
100,region_stable_long,4.8e-05,-7.0213978588581085,6.1006574630737305,7.0213978588581085,9.891204893366249,0.7999999445853812,"[0, 1, 8, 11, 12, 13, 14, 15, 16, 17, 18, 19, 20, 21, 22, 23]",0.14392852783203125,0.11214302480220795,0.1005246564745903,0.4698612689971924
101,region_stable_long,4.8e-05,-7.013601541519165,6.084193960149237,7.013601541519165,9.5547388794522,0.7999999398007184,"[0, 1, 8, 11, 12, 13, 14, 15, 16, 17, 18, 19, 20, 21, 22, 23]",0.15269148349761963,0.11716208606958389,0.10234752297401428,0.4667280912399292
102,boundary_soft_refine,3.3e-05,-9.622848451137543,8.468240139332224,9.622848451137543,10.960028557601726,0.7499999437401035,"[0, 1, 8, 11, 12, 13, 14, 15, 16, 17, 18, 19, 20, 21, 22, 23]",0.1528344750404358,0.11799443513154984,0.1013558879494667,0.47018301486968994
103,boundary_soft_refine,3.3e-05,-9.6438068151474,8.431469501333034,9.6438068151474,11.149587738003868,0.7499999475653564,"[0, 1, 2, 8, 11, 12, 13, 14, 15, 16, 17, 18, 19, 20, 21, 22, 23]",0.1520066112279892,0.10845733433961868,0.10305929183959961,0.4710460305213928
104,boundary_soft_refine,3.3e-05,-9.598665654659271,8.357193622183292,9.598665654659271,11.300601233869621,0.7499999449537953,"[0, 1, 2, 8, 11, 12, 13, 14, 15, 16, 17, 18, 19, 20, 21, 22, 23]",0.14756447076797485,0.1048080325126648,0.10091008245944977,0.4681894779205322
105,boundary_soft_refine,3.3e-05,-9.620449185371399,8.3913579190031,9.620449185371399,12.569021785373739,0.7499999429090156,"[0, 1, 2, 8, 11, 12, 13, 14, 15, 16, 17, 18, 19, 20, 21, 22, 23]",0.15558204054832458,0.10341757535934448,0.10195918381214142,0.4652858376502991
106,boundary_soft_refine,3.3e-05,-9.536997079849243,8.232457576914037,9.536997079849243,11.592394416486648,0.7499999349884534,"[0, 1, 2, 8, 11, 12, 13, 14, 15, 16, 17, 18, 19, 20, 21, 22, 23]",0.14687788486480713,0.10035207122564316,0.09730775654315948,0.466029554605484
107,boundary_soft_refine,3.3e-05,-9.52092558145523,8.216144754531536,9.52092558145523,11.18095843209318,0.7499999480021461,"[0, 1, 2, 8, 11, 12, 13, 14, 15, 16, 17, 18, 19, 20, 21, 22, 23]",0.14582017064094543,0.09682179987430573,0.09877804666757584,0.4678933918476105
108,boundary_soft_refine,3.3e-05,-9.499688744544983,8.165476535228972,9.499688744544983,11.680985089317675,0.7499999435905818,"[0, 1, 2, 8, 11, 12, 13, 14, 15, 16, 17, 18, 19, 20, 21, 22, 23]",0.14496856927871704,0.0924823209643364,0.09843961894512177,0.46707355976104736
109,boundary_soft_refine,3.3e-05,-9.627515375614166,8.120193379990598,9.627515375614166,11.978484001171783,0.7499999439183299,"[0, 1, 2, 8, 11, 12, 13, 14, 15, 16, 17, 18, 19, 20, 21, 22, 23]",0.15331178903579712,0.09385555982589722,0.10381440818309784,0.4726865291595459
110,boundary_soft_refine,3.3e-05,-9.456134915351868,8.09774132992359,9.456134915351868,12.31786478370347,0.7499999452245536,"[0, 1, 2, 8, 11, 12, 13, 14, 15, 16, 17, 18, 19, 20, 21, 22, 23]",0.14851662516593933,0.08838444203138351,0.1003137081861496,0.4697648286819458
111,boundary_soft_refine,3.3e-05,-9.45159375667572,8.044053199443411,9.45159375667572,11.42987253127214,0.7499999405259727,"[0, 1, 2, 8, 11, 12, 13, 14, 15, 16, 17, 18, 19, 20, 21, 22, 23]",0.14583158493041992,0.08967529982328415,0.09600812196731567,0.4671711027622223
112,boundary_soft_refine,3.3e-05,-9.493391036987305,8.053198966574161,9.493391036987305,12.018862774927202,0.7499999445975061,"[0, 1, 2, 8, 11, 12, 13, 14, 15, 16, 17, 18, 19, 20, 21, 22, 23]",0.15192219614982605,0.08618263900279999,0.10073501616716385,0.4688710570335388
113,boundary_soft_refine,3.3e-05,-9.413648843765259,7.967785419301784,9.413648843765259,12.455730997491607,0.749999930027007,"[0, 1, 2, 8, 11, 12, 13, 14, 15, 16, 17, 18, 19, 20, 21, 22, 23]",0.144699364900589,0.08388736844062805,0.096747025847435,0.4688533842563629
114,boundary_soft_refine,3.3e-05,-9.46229487657547,7.922834416653248,9.46229487657547,12.139354921175615,0.7499999544549464,"[0, 1, 2, 8, 11, 12, 13, 14, 15, 16, 17, 18, 19, 20, 21, 22, 23]",0.1490316092967987,0.08727790415287018,0.09729931503534317,0.467318058013916
115,boundary_soft_refine,3.3e-05,-9.504447162151337,7.887633212069248,9.504447162151337,12.21459519226733,0.7499999439583596,"[0, 1, 2, 8, 11, 12, 13, 14, 15, 16, 17, 18, 19, 20, 21, 22, 23]",0.1503298580646515,0.08171398937702179,0.10068584978580475,0.46864989399909973
116,boundary_soft_refine,3.3e-05,-9.329554975032806,7.824396650841895,9.329554975032806,13.368973166065684,0.7499999397943083,"[0, 1, 2, 8, 11, 12, 13, 14, 15, 16, 17, 18, 19, 20, 21, 22, 23]",0.14500778913497925,0.07968036830425262,0.09547004848718643,0.4683568477630615
117,boundary_soft_refine,3.3e-05,-9.379164636135101,7.8076954090848885,9.379164636135101,12.442949025460726,0.749999946983997,"[0, 1, 2, 8, 11, 12, 13, 14, 15, 16, 17, 18, 19, 20, 21, 22, 23]",0.14723360538482666,0.07971344888210297,0.09744037687778473,0.4662671685218811
118,boundary_soft_refine,3.3e-05,-9.420688956975937,7.779705504153637,9.420688956975937,inf,,"[0, 1, 2, 8, 11, 12, 13, 14, 15, 16, 17, 18, 19, 20, 21, 22, 23]",0.1461045891046524,0.07573219388723373,0.09811511635780334,0.4651110768318176
119,boundary_soft_refine,3.3e-05,-9.247089296579361,7.732854559066448,9.247089296579361,13.231211467518762,0.7499999482231161,"[0, 1, 2, 8, 11, 12, 13, 14, 15, 16, 17, 18, 19, 20, 21, 22, 23]",0.1421908736228943,0.07579077780246735,0.0938577651977539,0.4695965051651001
120,boundary_soft_refine,3.3e-05,-9.454523146152496,7.662629847830915,9.454523146152496,12.504867515436423,0.749999951257932,"[0, 1, 2, 8, 11, 12, 13, 14, 15, 16, 17, 18, 19, 20, 21, 22, 23]",0.15334585309028625,0.07880271971225739,0.09887957572937012,0.4697529077529907
121,boundary_soft_refine,3.3e-05,-9.296257585287094,7.619936385053269,9.296257585287094,12.770357668412188,0.7499999493775317,"[0, 1, 2, 8, 11, 12, 13, 14, 15, 16, 17, 18, 19, 20, 21, 22, 23]",0.1447676420211792,0.0742645412683487,0.09466003626585007,0.4669458270072937
122,boundary_soft_refine,3.3e-05,-9.256441980600357,7.648329836256961,9.256441980600357,13.249479583410883,0.7499999481628098,"[0, 1, 2, 8, 11, 12, 13, 14, 15, 16, 17, 18, 19, 20, 21, 22, 23]",0.14265134930610657,0.07014913111925125,0.09359382092952728,0.46726328134536743
123,boundary_soft_refine,3.3e-05,-9.355330646038055,7.5478019308536615,9.355330646038055,12.931139452039394,0.7499999532054933,"[0, 1, 2, 8, 11, 12, 13, 14, 15, 16, 17, 18, 19, 20, 21, 22, 23]",0.14634573459625244,0.07376152276992798,0.09567121416330338,0.47106584906578064
124,boundary_soft_refine,3.3e-05,-9.34630572795868,7.566294193267822,9.34630572795868,13.103491153558434,0.7499999451976456,"[0, 1, 2, 8, 11, 12, 13, 14, 15, 16, 17, 18, 19, 20, 21, 22, 23]",0.14497391879558563,0.07359220087528229,0.09462399035692215,0.46757709980010986
125,boundary_soft_refine,3.3e-05,-9.282158315181732,7.5135438492957585,9.282158315181732,12.657621778487457,0.7499999496781864,"[0, 1, 2, 8, 11, 12, 13, 14, 15, 16, 17, 18, 19, 20, 21, 22, 23]",0.14251309633255005,0.07028991729021072,0.09327426552772522,0.46761560440063477
126,boundary_soft_refine,3.3e-05,-9.261994659900665,7.422972405210454,9.261994659900665,12.773137906779661,0.7499999497423475,"[0, 1, 2, 8, 11, 12, 13, 14, 15, 16, 17, 18, 19, 20, 21, 22, 23]",0.14553722739219666,0.07107875496149063,0.09407858550548553,0.4667108356952667
127,boundary_soft_refine,3.3e-05,-9.361720770597458,7.390216462155606,9.361720770597458,12.790768688987503,0.7499999446634467,"[0, 1, 2, 8, 11, 12, 13, 14, 15, 16, 17, 18, 19, 20, 21, 22, 23]",0.14637956023216248,0.07136416435241699,0.09618084132671356,0.4701252579689026
128,boundary_soft_refine,3.3e-05,-9.3575080037117,7.387239740249958,9.3575080037117,13.242150172174512,0.7499999466632633,"[0, 1, 2, 8, 11, 12, 13, 14, 15, 16, 17, 18, 19, 20, 21, 22, 23]",0.14747929573059082,0.06563613563776016,0.0956406369805336,0.4683079421520233
129,boundary_soft_refine,3.3e-05,-9.27912813425064,7.379252038103469,9.27912813425064,13.310657669709961,0.7499999523105726,"[0, 1, 2, 8, 11, 12, 13, 14, 15, 16, 17, 18, 19, 20, 21, 22, 23]",0.1438823938369751,0.06636131554841995,0.09164707362651825,0.46548929810523987
130,boundary_soft_refine,3.3e-05,-9.142233908176422,7.347330560075476,9.142233908176422,13.942167193203842,0.7499999396529776,"[0, 1, 2, 8, 11, 12, 13, 14, 15, 16, 17, 18, 19, 20, 21, 22, 23]",0.14068354666233063,0.06831074506044388,0.09020702540874481,0.4684522747993469
131,boundary_soft_refine,3.3e-05,-9.212878823280334,7.242546538089184,9.212878823280334,13.568901514641945,0.7499999504775101,"[0, 1, 2, 8, 11, 12, 13, 14, 15, 16, 17, 18, 19, 20, 21, 22, 23]",0.143856942653656,0.06258094310760498,0.09415650367736816,0.4690930247306824
132,boundary_soft_refine,3.3e-05,-9.332318753004074,7.248142962760114,9.332318753004074,13.742001567317864,0.749999955382923,"[0, 1, 2, 8, 11, 12, 13, 14, 15, 16, 17, 18, 19, 20, 21, 22, 23]",0.14742788672447205,0.06457509100437164,0.09859644621610641,0.4689368009567261
133,boundary_soft_refine,3.3e-05,-9.16757407784462,7.209138210783613,9.16757407784462,14.145215907819017,0.7499999470239169,"[0, 1, 2, 8, 11, 12, 13, 14, 15, 16, 17, 18, 19, 20, 21, 22, 23]",0.14073893427848816,0.06256968528032303,0.08909919857978821,0.4671645760536194
134,binary_polish_stable,2.1e-05,-8.693105101585388,6.397412147927792,8.693105101585388,13.171975135089221,0.6999999313756601,"[0, 1, 2, 8, 11, 12, 13, 14, 15, 16, 17, 18, 19, 20, 21, 22, 23]",0.1383698582649231,0.057635143399238586,0.08936333656311035,0.4660908877849579
135,binary_polish_stable,2.1e-05,-8.653986066579819,6.3263529919563455,8.653986066579819,12.319707376429314,0.6999999387801,"[0, 1, 2, 8, 11, 12, 13, 14, 15, 16, 17, 18, 19, 20, 21, 22, 23]",0.1387166976928711,0.05907672643661499,0.09052535891532898,0.4678296446800232
136,binary_polish_stable,2.1e-05,-8.711585521697998,6.300412350512565,8.711585521697998,12.440988965944864,0.6999999387515876,"[0, 1, 2, 8, 11, 12, 13, 14, 15, 16, 17, 18, 19, 20, 21, 22, 23]",0.1404079794883728,0.05936475098133087,0.09284868836402893,0.4665376842021942
137,binary_polish_stable,2.1e-05,-8.658980280160904,6.317911787235991,8.658980280160904,13.230913263715344,0.6999999396918325,"[0, 1, 2, 8, 11, 12, 13, 14, 15, 16, 17, 18, 19, 20, 21, 22, 23]",0.13661406934261322,0.05820796638727188,0.08955435454845428,0.46388038992881775
138,binary_polish_stable,2.1e-05,-8.599652826786041,6.261730762238198,8.599652826786041,12.43097404358857,0.6999999382856897,"[0, 1, 2, 8, 11, 12, 13, 14, 15, 16, 17, 18, 19, 20, 21, 22, 23]",0.13728046417236328,0.059684231877326965,0.08989249169826508,0.46625030040740967
139,binary_polish_stable,2.1e-05,-8.69011777639389,6.229535214444424,8.69011777639389,13.394440964094823,0.6999999377056006,"[0, 1, 2, 8, 11, 12, 13, 14, 15, 16, 17, 18, 19, 20, 21, 22, 23]",0.13983935117721558,0.06109297648072243,0.09388606250286102,0.4670559763908386
140,binary_polish_stable,2.1e-05,-8.671667844057083,6.2254216112989065,8.671667844057083,inf,,"[0, 1, 2, 8, 11, 12, 13, 14, 15, 16, 17, 18, 19, 20, 21, 22, 23]",0.14028507471084595,0.05957992374897003,0.08991959691047668,0.4655555784702301
141,binary_polish_stable,2.1e-05,-8.673147231340408,6.208078394544885,8.673147231340408,13.274225838854509,0.6999999481003517,"[0, 1, 2, 8, 11, 12, 13, 14, 15, 16, 17, 18, 19, 20, 21, 22, 23]",0.1404011845588684,0.05939489230513573,0.09109652787446976,0.4683878719806671
142,binary_polish_stable,2.1e-05,-8.549975544214249,6.2105907277858,8.549975544214249,11.901622308568262,0.6999999389679942,"[0, 1, 2, 8, 11, 12, 13, 14, 15, 16, 17, 18, 19, 20, 21, 22, 23]",0.13593445718288422,0.05848577618598938,0.08756349980831146,0.4650229215621948
143,binary_polish_stable,2.1e-05,-8.587617576122284,6.165758782244743,8.587617576122284,12.593236712450176,0.6999999413634204,"[0, 1, 2, 8, 11, 12, 13, 14, 15, 16, 17, 18, 19, 20, 21, 22, 23]",0.13251012563705444,0.0568401962518692,0.0873955562710762,0.4646429121494293
144,binary_polish_stable,2.1e-05,-8.573903143405914,6.190639485704138,8.573903143405914,12.28519580040881,0.6999999389292844,"[0, 1, 2, 8, 11, 12, 13, 14, 15, 16, 17, 18, 19, 20, 21, 22, 23]",0.13541363179683685,0.058856524527072906,0.08772142231464386,0.46764618158340454
145,binary_polish_stable,2.1e-05,-8.693866342306137,6.137214478026045,8.693866342306137,12.569377756638879,0.6999999419406735,"[0, 1, 2, 8, 11, 12, 13, 14, 15, 16, 17, 18, 19, 20, 21, 22, 23]",0.1389712691307068,0.05970269441604614,0.09052490442991257,0.4658907651901245
146,binary_polish_stable,2.1e-05,-8.657019555568695,6.113290086705634,8.657019555568695,13.429036922573566,0.6999999381066017,"[0, 1, 2, 8, 11, 12, 13, 14, 15, 16, 17, 18, 19, 20, 21, 22, 23]",0.14020954072475433,0.059218794107437134,0.09186604619026184,0.469094455242157
147,binary_polish_stable,2.1e-05,-8.644005507230759,6.142200926516918,8.644005507230759,12.526008682735094,0.6999999418489746,"[0, 1, 2, 8, 11, 12, 13, 14, 15, 16, 17, 18, 19, 20, 21, 22, 23]",0.13495883345603943,0.05890900641679764,0.088189497590065,0.46851420402526855
148,binary_polish_stable,2.1e-05,-8.63138496875763,6.074447469508394,8.63138496875763,12.646940821376853,0.6999999392397064,"[0, 1, 2, 8, 11, 12, 13, 14, 15, 16, 17, 18, 19, 20, 21, 22, 23]",0.1392184942960739,0.05917728319764137,0.08914291858673096,0.46654748916625977
149,binary_polish_stable,2.1e-05,-8.55484476685524,6.069083721079725,8.55484476685524,13.02618780338408,0.6999999333619622,"[0, 1, 2, 8, 11, 12, 13, 14, 15, 16, 17, 18, 19, 20, 21, 22, 23]",0.1326456367969513,0.05823459103703499,0.08560164272785187,0.4671257734298706
150,binary_polish_stable,2.1e-05,-8.55364939570427,6.043253634838348,8.55364939570427,12.494045402160216,0.6999999336654752,"[0, 1, 2, 8, 11, 12, 13, 14, 15, 16, 17, 18, 19, 20, 21, 22, 23]",0.1349709928035736,0.058497972786426544,0.08836038410663605,0.4672567546367645
151,binary_polish_stable,2.1e-05,-8.56229117512703,6.029489162120413,8.56229117512703,12.705183421103866,0.6999999408915738,"[0, 1, 2, 8, 11, 12, 13, 14, 15, 16, 17, 18, 19, 20, 21, 22, 23]",0.13566327095031738,0.058376751840114594,0.08772366493940353,0.4658347964286804
152,binary_polish_stable,2.1e-05,-8.570496201515198,6.046105110898931,8.570496201515198,12.215946724885612,0.6999999438142288,"[0, 1, 2, 8, 11, 12, 13, 14, 15, 16, 17, 18, 19, 20, 21, 22, 23]",0.13305576145648956,0.06110995262861252,0.08645816892385483,0.46822088956832886
153,binary_polish_stable,2.1e-05,-8.635728299617767,6.002317174952081,8.635728299617767,12.939055908952337,0.6999999393098925,"[0, 1, 2, 8, 11, 12, 13, 14, 15, 16, 17, 18, 19, 20, 21, 22, 23]",0.13645073771476746,0.059481870383024216,0.08908472210168839,0.4666217565536499
154,binary_polish_stable,2.1e-05,-8.659871906042099,6.027339174392376,8.659871906042099,12.440791942523228,0.699999946546361,"[0, 1, 2, 8, 11, 12, 13, 14, 15, 16, 17, 18, 19, 20, 21, 22, 23]",0.13666477799415588,0.06041794642806053,0.08848024904727936,0.46822088956832886
155,binary_polish_stable,2.1e-05,-8.535696625709534,5.987840977120907,8.535696625709534,12.89995338152605,0.6999999439226292,"[0, 1, 2, 8, 11, 12, 13, 14, 15, 16, 17, 18, 19, 20, 21, 22, 23]",0.12919004261493683,0.05760497227311134,0.08333653211593628,0.4651302397251129
156,binary_polish_stable,2.1e-05,-8.584208458662033,5.965261753569258,8.584208458662033,12.735192642477081,0.699999937607796,"[0, 1, 2, 8, 11, 12, 13, 14, 15, 16, 17, 18, 19, 20, 21, 22, 23]",0.13548898696899414,0.057700417935848236,0.08735857903957367,0.46529436111450195
157,binary_polish_stable,2.1e-05,-8.579662024974823,5.95860998681251,8.579662024974823,12.767939529895035,0.6999999424234907,"[0, 1, 2, 8, 11, 12, 13, 14, 15, 16, 17, 18, 19, 20, 21, 22, 23]",0.1380704939365387,0.060025475919246674,0.08868691325187683,0.471160352230072
158,binary_polish_stable,2.1e-05,-8.63506954908371,5.910585220823896,8.63506954908371,13.212838264115408,0.6999999392802523,"[0, 1, 2, 8, 11, 12, 13, 14, 15, 16, 17, 18, 19, 20, 21, 22, 23]",0.13516052067279816,0.05976491421461105,0.08872900903224945,0.46746909618377686
159,curve_very_soft_finish,1.2e-05,-8.542261332273483,6.1255246426196805,8.542261332273483,12.87458544920351,0.6499999343699177,"[0, 1, 2, 8, 11, 12, 13, 14, 15, 16, 17, 18, 19, 20, 21, 22, 23]",0.13605321943759918,0.059833675622940063,0.08925623446702957,0.4526958465576172
160,curve_very_soft_finish,1.2e-05,-8.478206932544708,6.04573099663917,8.478206932544708,12.017802645164874,0.6499999287427974,"[0, 1, 2, 8, 11, 12, 13, 14, 15, 16, 17, 18, 19, 20, 21, 22, 23]",0.13525442779064178,0.059951022267341614,0.08818119019269943,0.4416215121746063
161,curve_very_soft_finish,1.2e-05,-8.532218098640442,6.093677307697052,8.532218098640442,13.284560686123168,0.6499999259184491,"[0, 1, 2, 8, 11, 12, 13, 14, 15, 16, 17, 18, 19, 20, 21, 22, 23]",0.13737188279628754,0.05864957720041275,0.08903951942920685,0.4340561628341675
162,curve_very_soft_finish,1.2e-05,-8.463551849126816,6.086224292186981,8.463551849126816,12.737408415406597,0.6499999314633663,"[0, 1, 2, 8, 11, 12, 13, 14, 15, 16, 17, 18, 19, 20, 21, 22, 23]",0.13782677054405212,0.060549139976501465,0.0896356999874115,0.42789381742477417
163,curve_very_soft_finish,1.2e-05,-8.504661828279495,6.095708765882127,8.504661828279495,12.015497767776411,0.6499999197501979,"[0, 1, 2, 8, 11, 12, 13, 14, 15, 16, 17, 18, 19, 20, 21, 22, 23]",0.13806268572807312,0.05837840586900711,0.08995932340621948,0.4211217761039734
164,curve_very_soft_finish,1.2e-05,-8.52311897277832,6.01935695080047,8.52311897277832,12.267721705049759,0.6499999242938845,"[0, 1, 2, 8, 11, 12, 13, 14, 15, 16, 17, 18, 19, 20, 21, 22, 23]",0.1407318115234375,0.06254395842552185,0.09101682901382446,0.4172118008136749
165,curve_very_soft_finish,1.2e-05,-8.484078705310822,6.070774332005927,8.484078705310822,12.141072513533704,0.6499999282690312,"[0, 1, 2, 8, 11, 12, 13, 14, 15, 16, 17, 18, 19, 20, 21, 22, 23]",0.13458320498466492,0.058539167046546936,0.08664713054895401,0.4081958532333374
166,curve_very_soft_finish,1.2e-05,-8.554041683673859,6.032016449786247,8.554041683673859,12.474943481046063,0.6499999224794509,"[0, 1, 2, 8, 11, 12, 13, 14, 15, 16, 17, 18, 19, 20, 21, 22, 23]",0.1413860321044922,0.06113208457827568,0.09204867482185364,0.40560126304626465
167,curve_very_soft_finish,1.2e-05,-8.461543202400208,6.0061228123117,8.461543202400208,11.93494438494629,0.6499999269359246,"[0, 1, 2, 8, 11, 12, 13, 14, 15, 16, 17, 18, 19, 20, 21, 22, 23]",0.13834600150585175,0.05980578064918518,0.08876648545265198,0.4001843333244324
168,curve_very_soft_finish,1.2e-05,-8.497987568378448,6.044989616312879,8.497987568378448,12.62101065151025,0.649999925686336,"[0, 1, 2, 8, 11, 12, 13, 14, 15, 16, 17, 18, 19, 20, 21, 22, 23]",0.139613077044487,0.05929793789982796,0.08998200297355652,0.40071165561676025
169,curve_very_soft_finish,1.2e-05,-8.490546822547913,6.01277837347477,8.490546822547913,12.431226909779038,0.649999922744963,"[0, 1, 2, 8, 11, 12, 13, 14, 15, 16, 17, 18, 19, 20, 21, 22, 23]",0.1374472975730896,0.059795305132865906,0.08954484760761261,0.3937883973121643
170,curve_very_soft_finish,1.2e-05,-8.476072907447815,6.000874813566816,8.476072907447815,11.861936098809686,0.6499999207444376,"[0, 1, 2, 8, 10, 11, 12, 13, 14, 15, 16, 17, 18, 19, 20, 21, 22, 23]",0.13419991731643677,0.05834796652197838,0.0868307575583458,0.3893331289291382
171,curve_very_soft_finish,1.2e-05,-8.468066543340683,5.995825554462189,8.468066543340683,12.011164190308062,0.649999921183141,"[0, 1, 2, 8, 10, 11, 12, 13, 14, 15, 16, 17, 18, 19, 20, 21, 22, 23]",0.13557079434394836,0.059469811618328094,0.08577770739793777,0.3844696879386902
172,curve_very_soft_finish,1.2e-05,-8.427053779363632,6.0114691105294735,8.427053779363632,12.4535875299235,0.649999925308219,"[0, 1, 2, 8, 10, 11, 12, 13, 14, 15, 16, 17, 18, 19, 20, 21, 22, 23]",0.13717105984687805,0.05992148816585541,0.08735990524291992,0.3831765055656433
173,curve_very_soft_finish,1.2e-05,-8.481306791305542,5.973310409708226,8.481306791305542,12.445737123842978,0.6499999258794952,"[0, 1, 2, 8, 10, 11, 12, 13, 14, 15, 16, 17, 18, 19, 20, 21, 22, 23]",0.13625530898571014,0.060164548456668854,0.08727429062128067,0.3809807598590851
174,curve_very_soft_finish,1.2e-05,-8.437136888504028,5.972232788167101,8.437136888504028,12.538275490186304,0.6499999258683121,"[0, 1, 2, 7, 8, 10, 11, 12, 13, 14, 15, 16, 17, 18, 19, 20, 21, 22, 23]",0.13758528232574463,0.060052260756492615,0.08654256165027618,0.37677356600761414
175,curve_very_soft_finish,1.2e-05,-8.427168726921082,5.968168603613021,8.427168726921082,11.707126499550748,0.6499999240478382,"[0, 1, 2, 8, 11, 12, 13, 14, 15, 16, 17, 18, 19, 20, 21, 22, 23]",0.1383703052997589,0.059721171855926514,0.08849357068538666,0.3742147982120514
176,curve_very_soft_finish,1.2e-05,-8.509406596422195,5.9244915170872465,8.509406596422195,11.847986878175153,0.6499999225269651,"[0, 1, 2, 7, 8, 10, 11, 12, 13, 14, 15, 16, 17, 18, 19, 20, 21, 22, 23]",0.13748203217983246,0.05797675997018814,0.08793298900127411,0.37028929591178894
177,curve_very_soft_finish,1.2e-05,-8.460222363471985,5.955947642630719,8.460222363471985,12.44134757517488,0.6499999315154974,"[0, 1, 2, 7, 8, 10, 11, 12, 13, 14, 15, 16, 17, 18, 19, 20, 21, 22, 23]",0.13663657009601593,0.060411714017391205,0.08691148459911346,0.3660666346549988
178,curve_very_soft_finish,1.2e-05,-8.561578273773193,5.920307473933443,8.561578273773193,11.930678506701636,0.6499999313219545,"[0, 1, 2, 7, 8, 10, 11, 12, 13, 14, 15, 16, 17, 18, 19, 20, 21, 22, 23]",0.1398552805185318,0.05902007967233658,0.09018151462078094,0.3655701279640198
179,curve_very_soft_finish,1.2e-05,-8.461985737085342,5.974373736280076,8.461985737085342,13.121734839825317,0.6499999239146926,"[0, 1, 2, 7, 8, 10, 11, 12, 13, 14, 15, 16, 17, 18, 19, 20, 21, 22, 23]",0.13261298835277557,0.0587586984038353,0.08351509273052216,0.35990583896636963
180,curve_very_soft_finish,1.2e-05,-8.443894445896149,5.911689940919268,8.443894445896149,12.065587487709367,0.6499999232946927,"[0, 1, 2, 7, 8, 10, 11, 12, 13, 14, 15, 16, 17, 18, 19, 20, 21, 22, 23]",0.1378449648618698,0.06070009618997574,0.08672231435775757,0.3593659996986389
