representation,model_name,n_clusters_requested,n_clusters_found,silhouette,davies_bouldin,calinski_harabasz,mean_dominant_purity,mean_scoliosis_rate,scoliosis_dominant_clusters,quality_score,bic,aic
robust_kpca_poly,gmm_tied,24,24,0.26144248247146606,1.1215885420919347,193.51979064941406,0.8294083277369548,0.7922149655435925,20,0.48430784759610196,29536.45732100157,26440.951268581663
robust_kpca_poly,kmeans,24,24,0.2297070324420929,1.1002992024819604,230.4522247314453,0.8082513941101065,0.7783902829989953,22,0.4648742427039437,,
standard_kpca_poly,kmeans,24,24,0.15565675497055054,1.227074534461997,231.43997192382812,0.8085970199193248,0.8082618992758931,23,0.4248795326197736,,
standard_kpca_poly,gmm_tied,24,24,0.1461571604013443,1.259578804583297,217.5092315673828,0.8160217459153194,0.7962989314163854,22,0.421217334936786,29788.29506269738,26692.789010277473
standard_kpca_poly,bayesian_gmm_full,24,24,0.09679140895605087,1.448376866312983,185.23802185058594,0.8238599232996253,0.809574209013911,22,0.3928225745657883,,
standard_kpca_poly,minibatch_kmeans,24,24,0.11592315882444382,1.6189252236060325,137.3218994140625,0.8073488540691104,0.7900994082214637,21,0.38982908421341267,,
robust_kpca_rbf,kmeans,24,24,0.161648228764534,1.7113950328137821,167.25160217285156,0.7438464722122434,0.7248894328747691,22,0.3880991033344779,,
standard_kpca_poly,gmm_spherical,24,24,0.11920041590929031,1.8688450201645432,164.7613983154297,0.804667527048061,0.7949009300539335,22,0.38218352837596226,22240.033382517726,19783.01108308314
standard_kpca_rbf,kmeans,24,24,0.15033696591854095,1.7158024670072827,148.9719696044922,0.732589965675153,0.7047102846030123,20,0.3794824475128618,,
robust_kpca_rbf,gmm_spherical,24,24,0.1316361278295517,1.6830778158852588,159.29588317871094,0.7495346401340544,0.7286466853725546,21,0.3772732240630934,-50247.87025268872,-52704.8925521233
standard_kpca_poly,gmm_full,24,24,0.07296520471572876,1.5162974282876085,188.3421630859375,0.8114049398467332,0.7987623249839518,22,0.37560814911905993,-9943.0475469357,-30870.49270058851
minmax_scaled,kmeans,24,24,0.11781778931617737,1.8537917634867007,151.7324981689453,0.777251277100694,0.7605023147420278,22,0.3737961360767794,,
minmax_kpca_poly,kmeans,24,24,0.11655404418706894,1.8144709296765222,158.1541748046875,0.774339189623182,0.7655296060607458,21,0.37357771817074437,,
robust_kpca_rbf,minibatch_kmeans,24,24,0.13839031755924225,1.8506497401067585,158.68885803222656,0.741741276703197,0.7283384989254192,22,0.3724973305597886,,
robust_kpca_rbf,spectral_nn,24,24,0.11842411011457443,1.7018455719417886,146.5809326171875,0.7552460370661871,0.7252167561409348,20,0.3723940052780079,,
standard_kpca_rbf,gmm_spherical,24,24,0.13534896075725555,1.7216900607445345,146.17039489746094,0.731284866358334,0.7049486655975059,19,0.3721471834218851,-49271.2752092717,-51728.29750870628
minmax_kpca_cosine,kmeans,24,24,0.12026731669902802,1.7943727165421668,157.2036590576172,0.7576671078799951,0.7431355867695265,22,0.37088594195867236,,
robust_kpca_poly,minibatch_kmeans,24,24,0.09280798584222794,1.6269423417650033,125.0793685913086,0.7777541517480572,0.7759425575451585,23,0.37025751604732093,,
robust_pca,kmeans,24,24,0.11520904302597046,1.8123169784403583,138.96665954589844,0.7646369184513485,0.7527919494240591,22,0.3701298185475145,,
robust_kpca_linear,kmeans,24,24,0.11520902812480927,1.8123170461589766,138.96664428710938,0.7646369184513485,0.7527919494240591,22,0.3701298097014707,,
minmax_kpca_sigmoid,kmeans,24,24,0.11450435221195221,1.8308847428623682,156.55044555664062,0.766236567592177,0.7517841043961905,21,0.36970954252923827,,
standard_kpca_poly,bayesian_gmm_diag,24,24,0.08705396205186844,1.8566607045055765,130.033447265625,0.8050831651679312,0.779845069929836,21,0.36821400089045775,,
minmax_scaled,minibatch_kmeans,24,24,0.10181643068790436,1.8922192925132577,144.1703338623047,0.7853207572226347,0.7723405549015275,22,0.3678524330841101,,
robust_scaled,kmeans,24,24,0.11017517000436783,1.817134047475979,136.9053497314453,0.7618370639522251,0.7444125498014853,20,0.36687261670962024,,
minmax_kpca_rbf,minibatch_kmeans,24,24,0.10578113049268723,1.8609135964828136,151.58644104003906,0.772703003528966,0.7446414904752582,21,0.3667970830915218,,
minmax_kpca_cosine,spectral_nn,24,24,0.10699530690908432,1.8062283780183612,142.06167602539062,0.7639475361484814,0.7532332504341955,21,0.36641969505582783,,
standard_kpca_rbf,gmm_tied,24,24,0.12466558068990707,1.853046604970637,136.67442321777344,0.7396462795398109,0.7163086699846262,21,0.3656190230063263,-51771.066492364684,-54866.57254478459
minmax_scaled,spectral_nn,24,24,0.1011202335357666,1.779008309628404,140.43328857421875,0.767107261526563,0.7480766492816651,20,0.36559643197101255,,
minmax_kpca_sigmoid,gmm_spherical,24,24,0.11019570380449295,1.8192403214473398,151.9113311767578,0.7576552811555056,0.739107461183635,22,0.36556102181647226,-233985.70413091397,-236442.72643034856
robust_kpca_linear,minibatch_kmeans,24,24,0.10894757509231567,1.9415213986985584,128.99948120117188,0.7718100218938102,0.7714379980842864,23,0.365559448106212,,
robust_pca,minibatch_kmeans,24,24,0.10894756764173508,1.9415215282488874,128.99948120117188,0.7718100218938102,0.7714379980842864,23,0.36555944101032434,,
standard_scaled,kmeans,24,24,0.10070579499006271,1.8372337158480656,125.46942901611328,0.7733897289378605,0.7647419301957221,23,0.3654485223249203,,
minmax_pca,kmeans,24,24,0.10886342078447342,1.8622074869412983,155.57659912109375,0.7636877670573495,0.7483333570694315,22,0.36544003963716576,,
minmax_kpca_linear,kmeans,24,24,0.10886342078447342,1.8622075732423322,155.57662963867188,0.7636877670573495,0.7483333570694315,22,0.3654400370035418,,
robust_kpca_rbf,gmm_tied,24,24,0.13159342110157013,1.8915763177602969,154.09120178222656,0.7320664443815197,0.7178221770437121,22,0.36529500556706385,-54295.44067425435,-57390.94672667426
minmax_kpca_rbf,kmeans,24,24,0.1126026138663292,1.8128468751413918,157.56842041015625,0.7517009021512931,0.7487939254071071,23,0.36505937415862644,,
robust_kpca_sigmoid,kmeans,24,24,0.1097397580742836,1.8704458580154653,133.21051025390625,0.7610557250345044,0.7491679821132419,21,0.36479409234633586,,
standard_kpca_cosine,kmeans,24,24,0.11994102597236633,1.880372758252781,130.04434204101562,0.7467239331434931,0.7253591767924837,20,0.3647849634015382,,
minmax_kpca_linear,spectral_nn,24,24,0.10245903581380844,1.7942686111030077,144.2229461669922,0.763977727659478,0.7443701167143978,20,0.3647687346908798,,
minmax_pca,spectral_nn,24,24,0.10245898365974426,1.7942687610681645,144.22293090820312,0.763977727659478,0.7443701167143978,20,0.3647687064198617,,
minmax_kpca_rbf,spectral_nn,24,24,0.10445518046617508,1.7766574480791126,146.82350158691406,0.7589218086466336,0.7409112896460156,20,0.3647176871318496,,
standard_kpca_linear,kmeans,24,24,0.10564578324556351,1.8567300478980322,130.48565673828125,0.7630829576847811,0.7546441391193802,23,0.3639781338759226,,
standard_pca,kmeans,24,24,0.10564577579498291,1.85673008344478,130.48565673828125,0.7630829576847811,0.7546441391193802,23,0.3639781294342275,,
standard_kpca_rbf,minibatch_kmeans,24,24,0.12921851873397827,1.8960546872533441,140.37306213378906,0.7303225588135517,0.7107326978333246,21,0.3635694378005738,,
robust_kpca_sigmoid,gmm_spherical,24,24,0.10178525000810623,1.8395500353525656,125.30940246582031,0.764952378545773,0.7507794946920381,22,0.36333119432114713,-112879.27037652906,-115336.29267596365
robust_scaled,minibatch_kmeans,24,24,0.10681420564651489,1.8876040401063563,130.08782958984375,0.762092639886594,0.751002745644526,22,0.36327115161448886,,
robust_kpca_cosine,minibatch_kmeans,24,24,0.12643910944461823,1.9396651848597821,127.1317138671875,0.7336543734088368,0.7127453776639164,20,0.36203760988425143,,
robust_kpca_linear,gmm_tied,24,24,0.10090695321559906,1.8340173760086194,117.95753479003906,0.7594263835783966,0.7510088751608882,22,0.3614500409128567,76725.78243781363,73630.27638539372
robust_pca,gmm_tied,24,24,0.10090694576501846,1.8340173232093482,117.95753479003906,0.7594263835783966,0.7510088751608882,22,0.3614500392035698,76725.7803834526,73630.27433103269
robust_kpca_rbf,gmm_diag,24,24,0.12473137676715851,1.9093525388291983,146.7307586669922,0.7311393808229925,0.7168248875759149,22,0.3614007056789619,-54038.604801977075,-58547.896307435905
minmax_scaled,gmm_spherical,24,24,0.09230062365531921,1.8298834781883837,145.047607421875,0.7716392943755094,0.7422445968302526,21,0.36136992898231446,-60890.9673836988,-63895.26147140652
robust_kpca_cosine,spectral_nn,24,24,0.10421924293041229,1.8985436169616599,118.47267150878906,0.7592609039500187,0.7377395103356017,21,0.3609271420019944,,
minmax_kpca_poly,minibatch_kmeans,24,24,0.0973627120256424,1.946561033493728,148.07064819335938,0.7738683525727659,0.7606718716343495,22,0.36081839668509463,,
minmax_kpca_poly,gmm_spherical,24,24,0.09640160948038101,1.7784517991530155,151.3621368408203,0.7579551375702994,0.7286978911934877,21,0.36074543254242947,-94194.39999538005,-96651.42229481463
minmax_kpca_poly,spectral_nn,24,24,0.09961070120334625,1.77357783517824,146.75625610351562,0.751700364278373,0.7356647349399914,20,0.36047120902413554,,
minmax_kpca_rbf,gmm_spherical,24,24,0.09923530369997025,1.8314663869647634,152.3760986328125,0.7571011867393872,0.7402987598152789,22,0.360079715337909,-123200.67692456843,-125657.69922400301
robust_kpca_sigmoid,minibatch_kmeans,24,24,0.10286761820316315,1.9498134936885076,128.3369140625,0.7634062714921122,0.745025150432217,20,0.36006343052683726,,
minmax_pca,minibatch_kmeans,24,24,0.10284162312746048,1.9474172848217541,150.11805725097656,0.7621107912550045,0.7538065778959652,22,0.3597319901428978,,
minmax_kpca_linear,minibatch_kmeans,24,24,0.10284160077571869,1.9474175353810044,150.11798095703125,0.7621107912550045,0.7538065778959652,22,0.3597319728740844,,
standard_kpca_cosine,gmm_spherical,24,24,0.10982545465230942,1.8710996166686347,128.70773315429688,0.7430892424245753,0.7277101502842868,21,0.3594228793283115,-12802.46396706695,-15259.486266501535
minmax_kpca_sigmoid,spectral_nn,24,24,0.0929604023694992,1.8169561568283015,142.0499267578125,0.7625757824078239,0.7453250550071825,21,0.35935319090607437,,
robust_kpca_rbf,bayesian_gmm_diag,24,23,0.1001405268907547,1.7105659166272829,143.6982879638672,0.7399885696109109,0.7104549313679999,19,0.3592914701866212,,
robust_kpca_poly,bayesian_gmm_full,24,24,0.04999406263232231,1.5453081939854518,162.9121856689453,0.794457071692002,0.794457071692002,24,0.3590543825830814,,
standard_kpca_sigmoid,kmeans,24,24,0.09628915786743164,1.9032842797604745,123.53160095214844,0.764082653737517,0.7522796234344867,22,0.3586642939604243,,
robust_kpca_sigmoid,spectral_nn,24,24,0.09152919054031372,1.8801395710402895,118.00267028808594,0.7685282218968462,0.7363184983739974,19,0.358547951286301,,
robust_kpca_linear,spectral_nn,24,24,0.08658143877983093,1.8133031480784794,124.99972534179688,0.7676127362076016,0.7346435258196559,19,0.3581089810031728,,
robust_pca,spectral_nn,24,24,0.08658143132925034,1.8133030915464996,124.99970245361328,0.7676127362076016,0.7346435258196559,19,0.35810897943608133,,
robust_scaled,spectral_nn,24,24,0.08949817717075348,1.856698943617222,120.2919921875,0.7668224693184854,0.7406929153334513,19,0.35783451748666395,,
minmax_pca,gmm_spherical,24,24,0.09552684426307678,1.8234419638693573,150.13088989257812,0.7539227341217097,0.7326332628322382,20,0.35770830914193047,-39448.15409206096,-41905.176391495545
minmax_kpca_linear,gmm_spherical,24,24,0.09552683681249619,1.8234421069794375,150.1309051513672,0.7539227341217097,0.7326332628322382,20,0.357708301301173,-39448.14754284854,-41905.169842283125
standard_kpca_rbf,gmm_diag,24,24,0.11453158408403397,1.865045544736119,134.18484497070312,0.7285631781112901,0.7115338571236359,20,0.35736681402963644,-51645.12443075253,-56154.41593621136
minmax_kpca_cosine,gmm_spherical,24,24,0.096534363925457,1.8254242893421206,150.3048553466797,0.7499403203137719,0.7158028627892176,21,0.3569048458461057,-91974.34984364259,-94431.37214307717
robust_kpca_cosine,kmeans,24,24,0.1228393167257309,1.9651792365328715,131.2256622314453,0.7236340512252345,0.7114023493705628,21,0.3566798432132163,,
robust_pca,gmm_spherical,24,24,0.10351551324129105,1.9137963331841992,125.01441192626953,0.7472581038450951,0.7316747099937273,22,0.3565581335782731,81668.32561805518,79211.3033186206
robust_kpca_linear,gmm_spherical,24,24,0.10351550579071045,1.9137962843352596,125.01443481445312,0.7472581038450951,0.7316747099937273,22,0.3565581316639022,81668.32817402063,79211.30587458605
standard_kpca_linear,minibatch_kmeans,24,24,0.090408556163311,2.0152137564954646,119.9936752319336,0.7753800800485181,0.7607575867026205,22,0.3562107355939619,,
standard_pca,minibatch_kmeans,24,24,0.09040854126214981,2.01521387167649,119.9936752319336,0.7753800800485181,0.7607575867026205,22,0.356210725721172,,
robust_kpca_poly,gmm_spherical,24,24,0.07780487835407257,1.9512220074735087,144.66294860839844,0.7880218805702057,0.7858077098777742,23,0.35612943160853416,14616.850583029125,12159.82828359454
standard_kpca_poly,spectral_nn,24,24,0.0589858740568161,1.4764191374691917,117.73255157470703,0.7620177562878073,0.7217898832236881,19,0.3561011863442281,,
minmax_kpca_sigmoid,minibatch_kmeans,24,24,0.09794905036687851,1.9119690145252772,149.33319091796875,0.7527056749290931,0.7427755748827142,22,0.3557413370196426,,
standard_kpca_rbf,spectral_nn,24,24,0.073918417096138,1.7311271917643916,116.43727111816406,0.7685130932721291,0.7353556553362424,21,0.3553545123463504,,
standard_kpca_cosine,spectral_nn,24,24,0.09887359291315079,2.0082334421885233,114.15352630615234,0.7548500299772328,0.7314981066253093,21,0.35405337837322415,,
robust_scaled,gmm_spherical,24,24,0.09613492339849472,1.9225504210550646,123.76657104492188,0.7499248490481977,0.7303935472487256,21,0.3537798937325928,90189.7541179225,87185.46003021477
standard_scaled,spectral_nn,24,24,0.08150827884674072,1.8669652828243042,114.16545867919922,0.765277006741397,0.7332964142344888,20,0.3534620463193985,,
minmax_kpca_cosine,minibatch_kmeans,24,24,0.10391075909137726,2.0064428140618147,148.1465606689453,0.7414787637643165,0.7344166168716612,23,0.35235822052330246,,
standard_kpca_sigmoid,spectral_nn,24,24,0.07952018082141876,1.9094086164812225,113.24042510986328,0.7679156712470752,0.7371734628732879,21,0.352086898369665,,
robust_kpca_rbf,gmm_full,24,24,0.09858198463916779,1.9778507485833174,135.49496459960938,0.742190969427034,0.7294086413059121,22,0.3509723505138048,-60021.51340432727,-80948.95855798008
minmax_kpca_sigmoid,gmm_diag,24,24,0.0870203897356987,2.040623267706833,119.7870864868164,0.7610989720071196,0.7476493596040187,22,0.3497088521602999,-240134.53534778827,-244643.8268532471
standard_scaled,minibatch_kmeans,24,24,0.08767026662826538,2.1208182152263806,119.13014221191406,0.7670319802771163,0.7618807373900243,22,0.34966841120417436,,
robust_kpca_cosine,gmm_spherical,24,24,0.09414559602737427,2.0080037819593453,125.41889953613281,0.7464312276656959,0.7227295968861577,21,0.349406484143449,-15873.15945545983,-18330.181754894416
standard_kpca_linear,spectral_nn,24,24,0.06663569062948227,1.879357662734008,111.86176300048828,0.7749243729602681,0.7276119211023616,20,0.3492882931164928,,
standard_pca,spectral_nn,24,24,0.06663568317890167,1.8793578043034183,111.86174011230469,0.7749243729602681,0.7276119211023616,20,0.34928828549480995,,
robust_kpca_poly,bayesian_gmm_diag,24,24,0.05131009966135025,1.6308512993413995,145.30941772460938,0.7695250776455894,0.7615885697090815,22,0.3489733435003609,,
standard_kpca_sigmoid,minibatch_kmeans,24,24,0.09099467843770981,2.0588445322858306,118.37738037109375,0.75360179354812,0.7366694788174826,21,0.34875835140606815,,
robust_scaled,gmm_tied,24,24,0.08738316595554352,2.0664619465149054,107.23285675048828,0.7559483770628083,0.7452237393816489,22,0.34763411940437755,68622.41181520336,64557.778637716445
minmax_kpca_sigmoid,bayesian_gmm_diag,24,21,0.05081888660788536,1.9359427987011648,112.37281036376953,0.7973198634591343,0.7371363554734286,17,0.3472159807557365,,
standard_kpca_linear,gmm_spherical,24,24,0.07364283502101898,1.9024751647013591,123.29442596435547,0.7580997197011143,0.7471799224441078,22,0.34670257294395196,91008.1579897313,88551.13569029672
standard_pca,gmm_spherical,24,24,0.07364282757043839,1.9024751387992715,123.29443359375,0.7580997197011143,0.7471799224441078,22,0.34670257035985685,91008.15538489204,88551.13308545746
standard_kpca_sigmoid,gmm_spherical,24,24,0.07517705857753754,1.950675397951968,119.85592651367188,0.7603153983320502,0.7462063304817014,22,0.346650660600787,-102522.49121116207,-104979.51351059665
minmax_kpca_sigmoid,bayesian_gmm_full,24,24,0.06817662715911865,2.1100592880155906,110.3509750366211,0.7842815064108581,0.7247068218361736,21,0.34634825381470075,,
robust_kpca_rbf,bayesian_gmm_full,24,24,0.0860157385468483,1.9233723092490997,127.9765625,0.7379910188686104,0.7233108235805502,21,0.345622061964593,,
minmax_kpca_poly,gmm_tied,24,24,0.06452833861112595,2.074588924195432,111.87785339355469,0.783724643131011,0.783724643131011,24,0.3454668283274857,-101344.62830881134,-104440.13436123125
standard_kpca_rbf,gmm_full,24,24,0.09053053706884384,2.076611044807909,119.42996978759766,0.7442027827722265,0.6990260515361957,20,0.3452578169463548,-57819.314733283536,-78746.75988693634
minmax_kpca_sigmoid,gmm_tied,24,24,0.07856961339712143,2.072037846783967,116.47071075439453,0.7614619893107945,0.7526236054724107,22,0.345174128570244,-240140.94964249356,-243236.45569491346
standard_kpca_cosine,minibatch_kmeans,24,24,0.09285271167755127,2.1131072882105846,118.90657806396484,0.7403155742106223,0.7259074745221487,23,0.3441840090147459,,
minmax_scaled,gmm_tied,24,24,0.06386558711528778,2.140067561690558,106.067626953125,0.7859747672899459,0.7859747672899459,24,0.34414806572652146,-85606.6467360445,-89671.27991353141
robust_kpca_poly,gmm_diag,24,24,0.04817630723118782,1.7983917391345698,136.9866485595703,0.7752505072358572,0.7586496300428749,22,0.34359151801239984,9191.81496345868,4682.523457999849
standard_scaled,gmm_spherical,24,24,0.06904139369726181,1.9346577824875262,120.82809448242188,0.7509516864986834,0.7485266424069725,23,0.3415429416660657,102257.69921297474,99253.40512526702
standard_kpca_rbf,bayesian_gmm_full,24,24,0.0802801176905632,2.0637811671007724,112.41018676757812,0.7423877631545567,0.6993311282901988,20,0.34044089902202673,,
robust_kpca_cosine,gmm_tied,24,24,0.09224672615528107,2.221623795884494,108.4970932006836,0.7348810278312801,0.7143579969634216,21,0.33957595388777273,-20620.25526925551,-23715.761321675418
robust_kpca_poly,gmm_full,24,24,0.008124801330268383,1.589197912386247,164.96849060058594,0.7960675459278171,0.7782104030706744,23,0.33903142266583597,-16301.797223197598,-37229.24237685041
standard_kpca_cosine,gmm_tied,24,24,0.08515750616788864,2.0789462177413442,111.15801239013672,0.7284224340510583,0.7229003456976445,23,0.33804421953265495,-18346.878835943688,-21442.384888363595
minmax_kpca_rbf,gmm_tied,24,24,0.06022297590970993,2.1180743178470003,109.9916000366211,0.7668262807153132,0.7609550685941011,22,0.3373259146397132,-130633.79587027624,-133729.30192269615
minmax_kpca_cosine,gmm_tied,24,24,0.0664365217089653,2.1474363742484788,114.25772094726562,0.7585336949455682,0.755359091770965,22,0.3368862664539223,-100324.62323669034,-103420.12928911025
robust_kpca_cosine,gmm_diag,24,24,0.07731157541275024,2.056497230476265,111.9667739868164,0.7336277068979591,0.6997108665366745,20,0.33667149549476516,-20383.121112110774,-24892.412617569607
robust_kpca_sigmoid,gmm_tied,24,24,0.06959041953086853,2.2228808126332855,103.63957214355469,0.7583605973716888,0.7516476344087258,22,0.33639422028275046,-119540.91593468357,-122636.42198710347
standard_kpca_sigmoid,gmm_tied,24,24,0.054846666753292084,2.173501138382876,93.12742614746094,0.7762135035812592,0.764585596604515,23,0.3363223979925831,-108403.95779929704,-111499.46385171695
minmax_kpca_sigmoid,gmm_full,24,24,0.06576379388570786,2.074825557311383,113.9415054321289,0.7410074914910406,0.7151966806802298,22,0.33320138010628975,-229340.78165167672,-250268.22680532953
standard_kpca_cosine,gmm_diag,24,24,0.05894483998417854,2.065008179940545,104.5051040649414,0.7503245302787818,0.7222068736616126,21,0.3331883879072456,-17552.451345135047,-22061.74285059388
standard_scaled,gmm_tied,24,24,0.05494467541575432,2.360817896614637,90.91545867919922,0.779116647650465,0.779116647650465,24,0.33284675281765763,79620.83928615104,75556.20610866412
robust_kpca_sigmoid,gmm_diag,24,24,0.0712302178144455,2.2143055419018043,105.92951965332031,0.7428515432424622,0.7268274404322451,22,0.33268635899062415,-119236.75549992693,-123746.04700538577
robust_kpca_cosine,bayesian_gmm_full,24,24,0.0692366287112236,2.1567975025411443,97.69532012939453,0.7357118225635043,0.7194126286327315,22,0.33106421297097416,,
standard_kpca_linear,gmm_tied,24,24,0.0478287935256958,2.2269662395176746,100.48467254638672,0.7731426652847407,0.7612892170088786,22,0.33093790278200064,85873.11123447314,82777.60518205323
standard_pca,gmm_tied,24,24,0.0478287935256958,2.226966300744716,100.48465728759766,0.7731426652847407,0.7612892170088786,22,0.3309379013120782,85873.11360234786,82777.60754992795
standard_kpca_cosine,gmm_full,24,24,0.06650026142597198,2.2404629995825456,102.63097381591797,0.7446064748045309,0.7151480936491502,22,0.33045652916576923,-11483.034146166054,-32410.479299818864
standard_kpca_rbf,bayesian_gmm_diag,24,23,0.02641957625746727,1.736024841112813,95.42406463623047,0.7530888946580461,0.6765795390060847,18,0.32918891710731063,,
standard_kpca_linear,gmm_diag,24,24,0.05596223473548889,1.9796930423804675,105.31092834472656,0.733004253662584,0.7194157089518886,22,0.3289855415052407,86105.60832087534,81596.3168154165
standard_pca,gmm_diag,24,24,0.05596223101019859,1.9796931028785825,105.31092834472656,0.733004253662584,0.7194157089518886,22,0.3289855381253732,86105.6124309231,81596.32092546426
robust_pca,gmm_diag,24,24,0.06341986358165741,2.229222973284403,108.73917388916016,0.7409111148947249,0.7186769194924261,22,0.32823027798978655,75630.15352150827,71120.86201604943
robust_kpca_linear,gmm_diag,24,24,0.06341986358165741,2.2292230494504826,108.73918151855469,0.7409111148947249,0.7186769194924261,22,0.32823027616376654,75630.15554191229,71120.86403645345
robust_kpca_cosine,gmm_full,24,24,0.07035357505083084,2.2537860378174748,101.54837036132812,0.7314398118793614,0.7161457071816111,22,0.3279246231659711,-14599.43930622983,-35526.88445988264
minmax_kpca_cosine,gmm_diag,24,24,0.0476749949157238,2.1315360690931664,113.74581146240234,0.7546814761244071,0.6908209319067199,21,0.3276912164140481,-99999.77872901694,-104509.07023447577
robust_kpca_poly,spectral_nn,24,24,0.005947038996964693,1.5906949326297022,105.8584213256836,0.7595788789771826,0.723513689293572,20,0.3270490357028235,,
minmax_kpca_rbf,gmm_diag,24,24,0.0405857153236866,2.1570694726348405,109.18778228759766,0.7548341665301029,0.7214691914077637,20,0.3239011828446759,-130950.12266883072,-135459.41417428956
minmax_pca,gmm_tied,24,24,0.04729434847831726,2.3992866159150767,108.26289367675781,0.7632855898574915,0.7539318483608929,23,0.3238129766314384,-46578.37894355312,-49673.88499597303
minmax_kpca_linear,gmm_tied,24,24,0.04729433357715607,2.3992872118631743,108.26286315917969,0.7632855898574915,0.7539318483608929,23,0.32381295703235713,-46578.37437453482,-49673.880426954725
standard_kpca_cosine,bayesian_gmm_full,24,24,0.04681681841611862,2.198480245300353,88.77397155761719,0.739058284055762,0.7232109734716093,22,0.3209471745198408,,
minmax_kpca_linear,gmm_diag,24,24,0.0387701541185379,2.3877938840290422,102.70114135742188,0.7573715562058805,0.7264259702089246,22,0.3184523721629235,-47418.4990161899,-51927.79052164873
minmax_pca,gmm_diag,24,24,0.03877010941505432,2.3877946123612177,102.70113372802734,0.7573715562058805,0.7264259702089246,22,0.3184523361815248,-47418.63079105455,-51927.92229651338
standard_scaled,bayesian_gmm_diag,24,23,0.03810453787446022,2.1633747775843615,98.57289123535156,0.7407979359979752,0.703097511896291,19,0.3184159459242295,,
robust_pca,bayesian_gmm_full,24,24,0.0375412181019783,2.1038080875515983,88.33313751220703,0.7358266614577156,0.7107808358136386,20,0.3181877636649477,,
robust_kpca_linear,bayesian_gmm_full,24,24,0.0375412181019783,2.103808153950285,88.33313751220703,0.7358266614577156,0.7107808358136386,20,0.3181877619418505,,
robust_scaled,bayesian_gmm_diag,24,22,0.021506382152438164,2.28907768002538,90.99102783203125,0.7748280018183106,0.7425615786884283,18,0.3181354228963552,,
robust_kpca_sigmoid,bayesian_gmm_full,24,24,0.032233674079179764,2.2938611922114247,85.14051818847656,0.7580414361388881,0.7336584271213274,22,0.31781635021854493,,
minmax_kpca_poly,gmm_diag,24,24,0.035992465913295746,2.3253529019009167,105.7225570678711,0.7518470619964163,0.7420827522321066,22,0.3169307188879971,-102419.38940455981,-106928.68091001865
standard_kpca_sigmoid,gmm_full,24,24,0.02589976042509079,2.3994035344650437,81.28099060058594,0.7682313255975411,0.7416436698303189,20,0.3156666032397549,-106046.65599034398,-126974.10114399678
standard_kpca_sigmoid,bayesian_gmm_full,24,24,0.022333405911922455,2.3713622864975012,79.24546813964844,0.7681093153595673,0.7315947322724036,20,0.31463682756694666,,
standard_scaled,gmm_full,24,24,0.016744935885071754,2.327329280567135,74.72734832763672,0.7643241735303613,0.72883993152438,22,0.3119678081620929,48793.47811713828,17194.233092159386
standard_kpca_sigmoid,gmm_diag,24,24,0.03925425559282303,2.3815740068505593,91.86100006103516,0.7338208644260753,0.7119779186610731,21,0.31174074344659625,-107917.71437733328,-112427.00588279212
standard_scaled,bayesian_gmm_full,24,24,0.0050315107218921185,2.144970787720003,67.3748779296875,0.7570381161491948,0.7081223172333959,20,0.30886760899151633,,
minmax_kpca_poly,gmm_full,24,24,0.023486405611038208,2.5422996785114678,97.31524658203125,0.7569990315509036,0.7305509175747114,21,0.3082442131090743,-104202.47654186547,-125129.92169551828
robust_pca,bayesian_gmm_diag,24,22,-0.018814483657479286,1.8189487324776707,63.2686767578125,0.7577182244678577,0.7255794771392371,20,0.3075344930389662,,
robust_kpca_linear,bayesian_gmm_diag,24,22,-0.018814489245414734,1.818948718660669,63.268680572509766,0.7577182244678577,0.7255794771392371,20,0.307534490959085,,
minmax_kpca_rbf,bayesian_gmm_full,24,24,0.013281495310366154,2.2482914756796393,99.03094482421875,0.7486006237585,0.7135783139568815,19,0.30752039665540776,,
minmax_scaled,gmm_full,24,24,0.00745089678093791,2.393166798286475,93.76119995117188,0.7670803466380853,0.6767581494378757,20,0.3071544937560949,-95993.98310378329,-127593.22812876219
minmax_kpca_cosine,bayesian_gmm_full,24,24,0.019385015591979027,2.3439712311766616,90.83929443359375,0.7433928759985724,0.678786912193201,20,0.30650252854734994,,
robust_kpca_sigmoid,gmm_full,24,24,0.016262754797935486,2.564035211280022,80.49547576904297,0.7626678836121522,0.7433180384109139,22,0.3062638152077425,-116240.51686497216,-137167.96201862497
minmax_kpca_rbf,gmm_full,24,24,0.016019925475120544,2.401135402841184,100.93533325195312,0.7503681636799753,0.7304440650082484,22,0.30582428096985026,-130952.48505271337,-151879.93020636617
minmax_pca,gmm_full,24,24,0.005994449835270643,2.361848511778119,91.38621520996094,0.7620294283227912,0.7403802441736071,22,0.3056701813829942,-49715.584573967615,-70643.02972762042
minmax_kpca_linear,gmm_full,24,24,0.005764566827565432,2.361818608793437,91.40758514404297,0.761982721659157,0.7403335375099728,22,0.30555338348821887,-49715.45974423934,-70642.90489789215
minmax_kpca_rbf,bayesian_gmm_diag,24,20,0.004996988456696272,2.207110039859235,94.95028686523438,0.750391034266218,0.7403027955572898,17,0.3053177549590659,,
standard_scaled,gmm_diag,24,24,0.010743170976638794,2.5625159036974683,85.37100982666016,0.7618213435310173,0.7384725291727007,21,0.3035559553197855,72171.87314388328,66568.03806187818
minmax_kpca_poly,bayesian_gmm_full,24,24,0.018181219696998596,2.560904020485783,91.95850372314453,0.7495904860009213,0.726912890372506,22,0.3032655855438138,,
standard_kpca_linear,bayesian_gmm_full,24,24,0.004870009142905474,2.4901363326082038,72.92003631591797,0.764223242007627,0.7359860114073129,20,0.3030889163828802,,
standard_pca,bayesian_gmm_full,24,24,0.004870004486292601,2.4901364481461594,72.92002868652344,0.764223242007627,0.7359860114073129,20,0.3030889119161405,,
robust_kpca_linear,gmm_full,24,24,0.006270076148211956,2.3039035416292797,84.61421203613281,0.7472732531151909,0.7311520409939788,22,0.3026715788509553,72403.66292563987,51476.21777198706
robust_pca,gmm_full,24,24,0.006270079407840967,2.303903652873156,84.61421203613281,0.7472732531151909,0.7311520409939788,22,0.30267157777001147,72403.67605684992,51476.23090319711
minmax_scaled,bayesian_gmm_diag,24,22,-0.017115948721766472,2.1802000723411754,104.23899841308594,0.7683272907516823,0.70913067341553,20,0.30140741660004894,,
robust_kpca_sigmoid,bayesian_gmm_diag,24,17,-0.03758278116583824,1.939106547709658,69.13125610351562,0.7761444279416146,0.7604282177934332,16,0.3009909397589882,,
minmax_kpca_poly,bayesian_gmm_diag,24,20,-0.05360160022974014,1.9670630131016282,71.07901000976562,0.8015577922480096,0.7555125945078965,18,0.3006050235759067,,
minmax_kpca_cosine,gmm_full,24,24,0.006948008667677641,2.4254114851886293,88.48514556884766,0.746164799449554,0.6982571900939084,21,0.29995997605439934,-101318.50281028652,-122245.94796393932
minmax_scaled,gmm_diag,24,24,0.007763311266899109,2.7083382214023324,93.39904022216797,0.7619187447742425,0.7161587656199545,20,0.2994847549768114,-88511.87258539897,-94115.70766740407
minmax_kpca_linear,bayesian_gmm_full,24,24,0.0008151567890308797,2.3334337607391027,84.60688018798828,0.7445737588300249,0.7215339018615964,21,0.2987366886555177,,
minmax_pca,bayesian_gmm_full,24,24,0.0008151399670168757,2.333433466123354,84.60688781738281,0.7445737588300249,0.7215339018615964,21,0.2987366877140669,,
robust_kpca_cosine,bayesian_gmm_diag,24,20,-0.05926252529025078,1.756341260436498,63.03172302246094,0.7638311667285889,0.7235852128608686,17,0.29318115837572445,,
standard_kpca_linear,gmm_full,24,24,-0.0032736274879425764,2.6156973996691915,80.95777130126953,0.75029624835596,0.7424506660422926,22,0.2927586964184192,83246.10369875346,62318.658545100654
standard_pca,gmm_full,24,24,-0.0032736272551119328,2.6156975548005907,80.95775604248047,0.75029624835596,0.7424506660422926,22,0.29275869355661654,83246.12586362284,62318.68070997003
standard_kpca_linear,bayesian_gmm_diag,24,20,-0.057755567133426666,1.7992327791634164,79.14460754394531,0.762637550208805,0.7456170696333696,17,0.29211144579387566,,
standard_pca,bayesian_gmm_diag,24,20,-0.05775557458400726,1.7992328391512635,79.14458465576172,0.762637550208805,0.7456170696333696,17,0.2921114405271879,,
robust_scaled,gmm_diag,24,24,-0.01920243352651596,2.676878786863222,80.7154312133789,0.7546667851737195,0.7164115352905628,20,0.2857513912615498,61494.56445741851,55890.729375413415
standard_kpca_cosine,bayesian_gmm_diag,24,19,-0.08156034350395203,1.7373641197423282,60.839508056640625,0.760675855171993,0.7037600676726696,14,0.2828293361380819,,
robust_scaled,gmm_full,24,24,-0.028674989938735962,2.408059578863796,65.97146606445312,0.7411041990747896,0.7049051550632456,19,0.28278303935598015,35467.76966902004,3868.5246440411456
minmax_pca,bayesian_gmm_diag,24,18,-0.09014717489480972,1.9605606319479014,89.26567077636719,0.7746764578742655,0.6913431245409322,16,0.27628017429994317,,
minmax_kpca_linear,bayesian_gmm_diag,24,18,-0.09014759957790375,1.960561119264057,89.26565551757812,0.7746764578742655,0.6913431245409322,16,0.2762799692929341,,
standard_kpca_sigmoid,bayesian_gmm_diag,24,18,-0.07001649588346481,1.940355190920143,59.98124694824219,0.7371242802535383,0.6357061955021203,12,0.2746536025404013,,
minmax_scaled,bayesian_gmm_full,24,24,-0.05204523727297783,2.4635035775344396,63.576080322265625,0.7418145151991281,0.7084954220116141,20,0.27130524270363304,,
minmax_kpca_cosine,bayesian_gmm_diag,24,22,-0.09717206656932831,2.212331066302298,72.40457153320312,0.7787781857295162,0.7175302549163679,18,0.26773112997514853,,
robust_scaled,bayesian_gmm_full,24,24,-0.06862044334411621,2.08377084078418,56.739742279052734,0.71740198192676,0.6885180924129491,20,0.2654109728425883,,
